a046add1-07f8-44af-9e9d-9280eb42bb11	32.819504	-96.6338
a06a8669-76a0-4e51-9e5e-74a987c7147b	32.804371	-97.018204
A0741E69-F5AB-4E7F-93C3-2DD80FB36F9B	32.719204	-96.859848
A0BB2A42-51D1-4679-BB3B-46B9C793B714	32.879593	-96.7043
A0E1C77C-EFF6-4AE8-94F2-12898C7F7F40	32.8795	-96.9398
a0f15ca0-1ee2-4b80-88ec-d0d3095891ec	28.414415	-81.390831
a0feb746-ac98-412c-a197-0e7a11a3b82d	32.95404	-96.875984
A1054DAE-34E4-44DB-9F09-667F57E133D0	32.855396	-96.760094
a114aa78-a938-48ec-bd06-36398694fbba	32.814671	-96.872437
a146405f4aa82c842a028d29ae49d9f0b3bc6b58	32.934021	-96.803955
a148f0e8-d49f-4a5f-9c97-757ee01341c9	32.651302	-96.902267
A15A28D0-977C-47C4-9238-43677C41EDD5	32.948856	-96.81872
A164CE58-6862-4184-B178-748F83D8F838	33.022827	-96.758087
a17be49c-8878-4632-a5c3-8eba266e4314	33.0347	-96.8134
A17DB680-E7AE-4311-98EF-9D97219FC156	32.755005	-96.75867
a187c0c0-4574-45dd-9705-481913e59e00	32.662952	-96.90065
a1884b7c98ca97a60d4807211dca5bbd198ff9fc	32.984718	-96.751541
a188688b-6948-409f-a391-f1b0c36214cf	32.783096	-96.8067
A18D3748-03D1-4854-90B5-3FAFED04A0F7	28.9002	-81.2466
A1AF091B-6308-4C28-9F80-7A90640857C9	32.7875	-96.7998
A1B06243-AFD5-4F1A-966D-A57B2EBFDA51	32.951378	-96.820046
a1c121e3-c1ac-4a39-8c5f-50bc3c98b2e1	32.001915	-102.08138
a1db19c1-cb9a-474c-b42a-2bb3ec062a94	32.802025	-96.816483
a251d8f1-f283-4b06-a65d-0aeb808d8ff1	33.027027	-96.858177
a26c4958-d474-4003-9998-04ae85189c7c	32.720722	-97.059509
A2797ECD-FFC6-4C4D-88CE-CA1EEEE0BEFD	32.375774	-95.424797
a279c1b2-9143-4c4d-a61e-ad91e34789f5	32.822353	-96.858574
a27a3308-d09e-4b12-9687-107cb8955da4	32.88393	-96.760261
a2924b15-321e-4110-ac9e-e5b980f59f6e	32.951229	-96.820953
a2a2951b-ef53-4986-8a2c-71032f09247c	32.589993	-96.823311
A2AA7BDC-44C4-4BDE-8E60-51A57A26DFB6	32.695126	-96.896881
a2b08f18-f648-49d2-a9e2-dc3d67251354	32.783096	-96.8067
a2bb3116-733a-49b2-86ae-d9ba27b02e75	32.936935	-97.059952
a2bf1dfb-8266-46f9-bd72-84c58267f3ee	32.817066	-96.793243
A2D499F3-51B9-45F5-A19B-D12F3CBB8423	32.930763	-96.836929
A2D9D5C6-10DB-486A-8CDE-CF29760E207F	32.791927	-96.779083
a303096a-9963-4d90-9f38-3ea73fba7e0a	32.798241	-96.760056
A30D2E77-F7E4-4C00-8E19-02BF4FBE0EA3	32.983624	-96.866539
a3197919-6ddf-4bfa-be45-809fdbec4db7	33.096798	-96.794678
a33de7d1-f09c-4c8c-aec7-16a74fa5b933	32.810558	-96.810425
a3431942-b1e4-4a98-98f7-097aec55385e	32.81739	-96.801842
a3476a0a-1507-4eb3-bd55-08db207c945f	32.81863	-96.817551
a34966c3-391c-43c9-9f31-fed6e607d17a	32.783749	-96.868431
a385baff4aeeb28d	32.658295	-96.8397
A38C094F-3C93-463D-9880-B5ED80D9CA1B	33.016468	-96.89247
a39118ed-bdf4-4382-b7ae-ed952cea1744	32.961807	-96.8292
a3a0023f-f8c1-47b1-9508-0259e95e8910	32.687824	-96.57617
A3AAA240-DE44-47C7-A51A-45755C81D13F	32.984982	-96.747719
a3c669fa-dd28-4303-8b55-1c346966b23f	32.935268	-96.872452
A3D1349A-7C0F-4EDD-A88D-3B9BCFD926E8	32.711975	-96.608269
a3f9b27b-c5e1-4161-b64b-efdcc99f0702	32.825813	-96.719589
a40539eafe9cf81e	32.9299	-96.8353
a43805d6-4621-4ff8-b544-61e2d9e562ab	33.027027	-96.879662
A44855DE-08A8-4281-AC49-184A5F1DFBF7	32.867691	-96.762108
a4607a30-66ef-4dea-95c5-344698738256	32.972973	-96.820328
a4758ffb-3bfc-43a3-8647-92bc5dbdce2e	33.016884	-96.893257
a48ebe84-70c5-4e1a-80a3-89c61279582c	32.783096	-96.8067
a48fcf01-e2a6-45f7-a220-d119d938e6aa	32.783096	-96.8067
A49B7601-4B53-4BE9-AC41-967A6CA23066	33.034698	-96.8134
A49F2B48-203F-40D6-9CB0-E84F22D32497	32.968864	-96.83033
A4C062ED-52F0-43C9-A3A5-2AC455D71C19	32.995342	-96.808998
A4E36390-43E4-4FF5-A8F9-2D5970C7EFF8	32.746403	-97.433792
A4E7FB2D-8733-47F3-985C-51B39FBC4ACA	32.81998	-96.81177
a4ee6292-3b99-40a3-b13f-256adb5aaa8a	32.961628	-96.821335
a4fac01d-ef0a-4ccb-9378-08b4fe07aa36	32.6622	-96.8742
A4FAF7F0-862A-4DF1-BE29-DF634912A950	32.852383	-97.12929
a502e926-43ae-4f1e-b4d8-b0c029156ceb	32.783096	-96.8067
a5113d98-9f59-484e-8a6b-88251f5628c6	32.916054	-96.903923
a53d1461-2f7a-402b-9335-a97437d63a1b	32.899887	-96.725014
a57f0d9d-f487-40e5-9071-1fd710655e6a	30.28237	-97.735969
A597D553-6061-4B1D-A025-13576175925E	32.322754	-95.368889
a5a9b54e-0b8b-4ad0-94ee-196a10e0cb56	32.954956	-96.779114
a5bdbefd-20bc-4b76-9f21-63d4e3313cee	32.811493	-96.973717
A5BDF092-C017-43A0-BF63-A69B8B23B801	33.0347	-96.8134
A5D2D276-FC83-4AE0-BFFD-F13653F7C8E4	32.728039	-97.080193
a5dbf645-3862-4eb5-b2a1-4eb6240bc0d1	32.751888	-97.081902
A5DE81AB-FBD0-4269-BFB5-3092B8CDD1E5	32.954468	-96.665482
A5E00A8F-3074-40AF-BD44-094FFE94CB0D	32.695965	-96.897629
A5F1C753-6646-4185-9AE3-85274842F623	32.911072	-96.63073
A5FD2945-DC13-44D8-8222-ED849AD293BA	32.643177	-96.855568
a5ff0e10-c154-4b20-b109-50da5a44485a	32.774777	-96.796982
A639946F-42C3-4AE1-B3DC-D2268A010A91	32.645763	-97.034226
a64a32d43c4f8f99	32.7875	-96.7998
a650eebf-a2c8-4589-9704-35c26fabc4e5	32.712574	-97.347122
a659d0cb-0cf1-4e0e-95ed-cf9370b47a57	33.027027	-96.87966
A66A4A1C-8043-41B3-8087-603D0959EDF7	32.805523	-97.15629
a66ea82b-f50f-4828-b967-045d39581ce4	32.648441	-97.130249
a67e1746-88be-4deb-83f4-131a4a96ef2f	32.745083	-97.086868
a6952fd6-87f7-45af-b81f-fdd3e20d65c2	32.932953	-96.842598
a6ac3334-4de9-46b5-b5d8-99c7b6b4883d	32.587608	-96.872024
a6d4ced4-2b3a-48ac-bb85-e16894f4ceb2	32.840095	-96.842186
a6e61cf5-7279-4546-81fe-fe19809ec8a9	32.5533	-94.3842
a6f2f031-cf09-420e-a5f7-eb1887cb02a4	32.914883	-96.574585
A7032B5F-15F0-4343-90E5-20B85922108D	32.70945	-96.90686
A704C75F-E44A-416F-9FDF-E538038C9AE2	32.954674	-96.844246
A729EE3F-16C2-4F50-9D42-48ADAD28BA18	32.783096	-96.8067
A73159CE-0BB6-40EA-8D1D-35FBCC761E61	32.799358	-96.787994
a742c314-2297-41ca-89cb-411e9dfdb267	32.99099	-96.840088
a74bc0a8-fc6c-4b47-bbcd-03ede10148d7	32.981739	-96.760529
a77b5762-5eaf-461d-ba73-af83ad80492f	29.758127	-95.363854
A7920DCF-ACCF-4594-AB33-C976A4CD8D39	29.959473	-90.064934
a7c2030a-10e9-4efb-9dfe-2fb5df92f7fa	32.862	-96.5926
a7de976c-fe2c-43fc-8946-8fd60bc4f0f2	32.766937	-96.741943
A8035543-6B00-4070-A872-D22C8FBADE75	29.937426	-95.464165
a81bb4203be73688	32.873573	-96.86236
a84b6e59845ed9b6fd211be30623580f76e1882d	32.922184	-96.700134
A86A3A77-8FC3-490D-97EF-9960CD1F8E1D	29.4703	-98.5295
A86FFD1B-4078-4642-8302-27B0EB193B3D	29.763306	-95.3633
a8ab135a-2063-4b83-a1f7-d3ef1f31edaa	32.802078	-96.959228
A8B3CE66-234F-471E-9466-1075DBC475A0	33.017166	-96.805382
a8b7d6f6-8d40-4317-a1f4-7cb225327484	32.92297	-96.900536
a8bbdd22-60ee-4eb4-8053-8cde883522a9	32.395268	-93.773674
a8c16c07-aa5b-49a9-b0ff-4a701f750953	32.783096	-96.8067
a8ca884d-b20d-4a39-a837-99a70c07e8ed	32.738739	-97.336182
a8e2f865-6e93-40d9-bd27-891e18702c12	32.934284	-96.835609
a8e38b2d-0fdd-4c01-9bfa-f6a7e18dbb94	32.603416	-96.80587
a8ea569a-28ef-40c7-ba43-7ca6a292f21b	32.937756	-96.772255
A8F4136A-A1DD-408D-9527-8FFB40D5B54F	32.981514	-96.831345
A9002560-F883-40CA-ABF3-6D9F75B86D1B	32.9722	-96.7376
a902136c-be74-44a4-a7c4-329585a5768c	32.676659	-97.392136
A9054FF3-1FB6-4192-B629-9FEDB08942E3	32.620624	-97.103432
a90944f0-1885-457d-8aec-b0dc4f465f99	32.805813	-96.80454
a92cd19b-b30e-460c-9e47-c0973ec5c673	32.828831	-96.920181
A979B5C5-2F11-43BC-B077-2E21936F8883	32.88626	-96.89031
a97a1948-a0be-4933-97fb-5d8ab521118c	32.783096	-96.8067
A980F956-F65D-4B65-A460-73ECA197BA0F	33.003075	-96.75564
a9886d0a-cfbe-4923-b9b2-d6f611c78836	32.34786	-99.87429
a9a35d20-af5f-4402-b72a-e011b419d3fb	32.986011	-96.778404
a9a52e59-a6cc-4de5-8e61-eb2ae11facad	32.588879	-96.891861
a9ba2323cbfd436c678e414b0a12543c8c3b5612	32.790688	-96.755936
A9D19652-AD6F-4AF3-B60B-21B708F81FD3	32.845215	-96.97876
a9f453f6-e8a6-4f1d-a295-2b041e093dea	32.81081	-96.814774
a9f91107d65d29ca	32.38031	-90.14765
a9ffd57f-545c-4ac1-bac0-5a33c9c3099f	32.341831	-97.40316
aa07fbbd-9103-4490-9328-423413eadadd	32.820953	-96.634567
aa0e4d1c-3079-4ec6-921c-947e173ba90b	32.986862	-96.758934
aa33fdad-ba07-4963-b9df-1fcb9fb3b5ab	32.967121	-96.857834
AA423E3C-0844-488E-9C58-D25E320E2FF2	32.707207	-96.846169
aa46eb52-6fa3-4871-a8de-b3c15dd07424	32.813606	-96.847191
aa59488c-a4b6-4bd4-8ac9-01f7e21d98fc	32.863777	-96.935928
aa97504b-93d1-4f32-95e7-a87346d5f219	31.729731	-95.60453
aaac721d-fc1b-4963-986f-e2e21748a761	32.788628	-97.016396
aaadcbed-f62b-4ec0-aede-6bc3d4c4a0ea	32.767124	-96.99498
aab3fb44-e0ec-4951-bea0-403ed06a6cc7	32.972973	-96.712944
AAC07CC1-845C-4D2F-97E0-BE9AAC2976A3	32.96981	-96.76995
AACC225A-129D-44A2-95D6-6BDC5338FF26	32.934155	-96.840675
aad52950-8c54-46e5-b900-b442a9137ac1	32.831303	-96.676827
aae4a2c1-6416-425d-8d00-a3a779fa2576	32.37838	-94.876579
aaec06b6-bee5-4dad-a355-4ded7bcfda54	32.78598	-96.788788
ab10b00b-8190-4203-ac1f-46ba66b1023d	32.954956	-96.865005
ab1b7a8e-5988-429a-b074-8253dc8dbdec	32.756756	-96.948791
ab2764fa-d8e9-4070-9623-74f18185b430	32.915085	-96.869309
ab62c06d-0a91-4dbe-a547-ad9d09a03d43	32.780144	-96.72262
ab6b0454-dd62-417e-ab1d-265d086c3b67	32.960297	-96.83
AB8C4AD2-4BDB-49B9-BCE9-D16FA6A205EC	29.763306	-95.3633
AB9F5AC8-E5D0-4B8D-B2A3-10542E5197B1	32.961891	-96.78038
abbb7bd3-56cf-4623-aaf9-ef6b18064d64	32.769112	-96.830299
abc918e1-1c65-4f68-84aa-50de48c9c5f3	32.611649	-97.147591
ABDEA1C9-285D-4FAD-9862-2A3919E16F82	32.968903	-96.7991
ABE0A448-0B4E-46A6-8C6F-F0C123979E20	32.579624	-96.89062
abf29777dde235c5a8a99a9072026bbe7d3a38d9	32.995346	-96.95169
AC21FA31-CA71-4E40-9D80-278F09902D46	32.962666	-96.897003
AC25973E-EB3F-4B2A-A724-E5CCAD70115B	32.7153	-117.1573
ac347a2b-0131-4e68-9a7a-358033de3b2b	32.863308	-97.374519
AC3B5DB4-0BF1-4755-83E4-E9A68A578644	32.703243	-96.656021
AC55CB86-5712-4476-9AE3-044E436104FA	32.754078	-97.33095
AC73DEA1-587D-4DF8-995D-1500FB826865	33.013344	-96.843124
ac791b82-70dc-4b80-b35c-7376f5a118f8	32.876888	-96.897194
AC7C5DBB-40A6-4983-AE87-B30E69E487CB	32.706013	-96.585747
ac9bec09-35cd-4123-8fee-431ceda56886	32.7875	-96.7998
ac9d5753-b70d-40f8-b33e-f55b8ccb34c0	32.783096	-96.8067
ACB132DD-7CB2-417A-ADA1-BF715FEA9584	32.953739	-96.804817
ACD40D0F-48B9-41C4-86FD-C6D49A74C918	32.807434	-97.033897
ace5d0aa-deee-4b9d-9208-e6328012cf8f	32.774777	-96.796982
ACE5FAF5-75C0-4BA0-B29F-534259BB3F11	32.597637	-97.09198
ad0cf298-647f-4aa7-a56a-ca98ab610abc	32.641846	-97.080887
ad26224c-ac4a-4969-9684-1498792fe47e	30.28237	-97.735969
ad35b295-3602-45f2-81a0-59410b66aa6c	32.923046	-96.783928
ad369f59-a4a6-4b83-bd5a-e8906e892aca	32.814194	-96.84774
ad4e7d53-12ef-4580-a47d-470bd980ba7a	32.992104	-96.872063
ad4f591f-85a1-4530-9711-4a2091cd1a11	32.591644	-96.823112
AD762486-67E2-45BA-9DCF-62734048614C	32.56987	-96.314674
ad885c1f-605c-4cf8-8fa5-843be8b210a1	32.720722	-97.402176
adbd6ae5-53ab-41c7-bb98-05bd8092c66c	32.783096	-96.8067
adc6f2f2-d26d-434c-9682-36d8b26fda6b	32.801865	-97.420395
ADDA56EA-13AE-4FD2-ADF6-E53D2D947F7C	32.984077	-96.87957
addc9feb-19df-407e-9e63-4fe85338b4a3	32.919319	-96.777107
ade22aa5-eea6-4d99-85dd-5df50944f5e5	32.7881	-96.9431
ADE67171-C011-4CAE-88FE-4AFBA1E03A9B	32.971821	-96.869812
ade8e05f-6ce7-475f-aa5c-b6d9eb1d93a1	32.859028	-96.642517
adec2572b1824bb830c2309039de4cc4ff177005	32.875759	-96.803963
adf46a63-baa7-4100-87d6-29685beceb3c	32.991226	-96.86419
AE02FF96-ABB0-4A87-BDF2-F5C77FA76DEA	32.994965	-96.87911
ae063efd-97af-495a-8542-4f89feb23f3e	32.672253	-97.10759
ae0643a3-8219-4e05-997e-760e07e3e6c5	32.95524	-96.70507
ae1f3870-2b9d-4d72-8f3a-7093ecdeadc5	32.604202	-96.8653
ae1fa614-62d3-4ea4-bd3f-5818e64dabd9	32.953705	-96.8903
ae20e23a-dcb1-4b73-8084-88f1623f65eb	32.9142	-96.86908
ae3bc840-2ddc-4eae-9260-a9c8a05e456f	32.951324	-96.849716
AE3C252C-407B-4759-9BB6-ED66D33ACC5B	32.941296	-96.758522
ae524300-84b3-4216-b0c8-23086279bd6d	32.966896	-96.813637
ae567c6e-a9b7-41ad-87ba-18d55977e949	32.651077	-96.826614
AE5814B1-CD33-4D9D-BFD2-5633FF01D595	32.916786	-96.689095
AE74A024-1F0E-409E-A627-8C93A7124C67	32.754356	-96.873215
AE8A2B73-0D41-4B97-9C77-A8F0EBE7AAD1	33.034103	-96.870499
aeb3238d-d126-423a-a64a-36e16f3e27e1	32.600323	-96.940788
aeb9dc3e-45c2-4eb3-93a5-0a0aaa144052	30.037161	-94.155395
aec983fe-80b6-483c-9712-f2c431a7115f	30.171184	-97.629059
aedb11ba-da71-4531-8637-8ec7776b8c8c	32.781639	-96.786896
AF1FF97E-61E0-4B3F-8458-1BECBD091D38	32.884468	-96.959236
af1ffe8b-8478-49b3-a7b5-6a82d348c3d7	32.717083	-96.68483
af252b6b-53d1-44e7-ae0b-52eb77f0fbcb	32.792793	-96.645119
AF3E6429-EE7A-4A97-ADCB-9038EFC5747E	32.690643	-97.080505
af50f00c-a168-4a8e-be25-290e1a86b000	32.91461	-96.65007
af5415f5-d736-4769-912c-666dc0976447	29.273197	-98.36851
af675804-92ef-4317-b0c5-18e503164426	32.726105	-96.855225
af8bec314156122e898dd6ab5c71b04da93f92f9	33.027027	-96.87966
af925f47-1e92-4eb2-b8c2-d152a7855275	32.723709	-97.444992
AFA33896-72A5-4D70-A701-A40DC8154D53	32.607735	-97.116554
afa53b61-b7d8-4b66-b4e1-1a8dd994fb10	32.712803	-96.909203
afb2307b-1ed4-4806-bf1c-be77107695de	32.961807	-96.8292
afc17d9e-3bbf-4e51-b19b-12ed42569ecb	32.936935	-96.823799
AFD37DC0-7534-49D3-9C74-879F4B7B31FD	32.969467	-96.842178
afe211b8-ae4e-4101-81f1-40375096234c	32.683948	-96.825562
AFED3068-02C7-4BD2-8BC9-356DA111C25E	33.024029	-96.771172
AFF59B05-C14F-442E-AE74-D63046B663F1	32.806259	-96.811928
B000E74E-26E2-4E58-9BCF-2D3711F0ED6D	32.901711	-96.771316
b001d6aa-0d73-4a69-ae9d-b225f7e94b0c	32.591808	-97.141502
b01559db-de99-4898-82fc-50507400f630	32.677658	-97.051041
b01f07e1-5d20-4b3a-8dfe-f950733e16e6	33.031349	-96.875259
b01fcbb2-a0f0-4ec7-8d53-046906a7e6c3	32.608578	-97.114403
B03B4C55-39F2-4A23-8320-E4E4F23E1694	32.854843	-96.87291
b04ab731-74c8-4068-92a4-740ff48472fb	32.768082	-97.096878
b05675c2a6ee8653	33.001694	-96.8441
B05D5403-3A3F-4DA0-9D98-F6FFC84A1390	29.662754	-95.236145
b05ede88-22c7-4439-9fb9-481d65b82c45	32.647484	-97.066452
b06e4fd2-65fc-4fe2-b381-2b10568af4b9	32.704292	-96.799141
b07b8dcf-9565-46c0-abe8-932f5ee6517e	32.825039	-96.711121
B08CDCAC-BDC2-4F8C-BA43-42E4EB59D4B7	32.339619	-93.892059
b098e7eaa78ddf0b0fb43dee16e5684b9b293474	32.958691	-96.786476
b0ae8ef0-3de9-4f60-97eb-3ac4ac62a57b	33.00901	-96.838379
b0b44dd7-ccd4-40c1-bef1-7c6b1368f271	32.991905	-96.941383
B0BFD386-1E86-49FC-A884-3FAD3F6B8FD1	32.99685	-96.89778
B0C2E0CC-D36C-48C0-B032-B3278B794BEF	32.972515	-96.77238
B0E87406-0F76-4E17-9370-06EC18F23AEC	32.991013	-96.751183
B116479E-0027-4A53-8A62-608DF6EDF3FF	32.961952	-96.85337
b11c32e2-0b81-4c27-af66-b09073cc469a	32.783096	-96.8067
B128FA10-358B-470A-B466-F1DBC2EA07DE	33.002155	-96.860512
b12bf917-0542-4634-a2a2-ee5080571281	33.0347	-96.8134
b12fb725555f1d19	32.794212	-96.830086
B12FBF10-484F-4788-8F74-9BE3BE0B304E	32.560341	-96.294251
b13a1bc1-716c-439c-8d0f-9bae67917eb1	32.801414	-96.922691
B13CB9EA-EF34-4401-89D5-3C643CC6BF2A	32.660599	-97.024902
B1488433-42BF-49D7-855C-65CA3807B9B0	32.783096	-96.8067
b155146c-ea2e-43b1-a8ca-fd9938ec18aa	32.6996	-96.485649
b15609d4-bec0-4e1d-9931-8c703b82209a	32.753616	-96.822
b1565aae-b20d-4ceb-9ba8-b3de5f9c900e	32.921764	-96.659576
B15DBD7C-2931-4C88-A3AF-85CA9D2E0DF3	30.357243	-97.41993
b15eba60-8769-436c-9bc2-0be67c7cceca	32.811417	-97.211891
B16CFC31-AEE9-434D-8548-9202E54272C8	32.816982	-96.871399
b1868c29-d0fe-4249-98aa-4bcfecd96849	32.729351	-96.419319
b1a3b12d-9160-4521-85ca-38bc8baacfc4	33.00708	-96.849556
B1A43FFB-AFB6-4573-B2C4-BF5F88FE502E	32.952465	-96.727142
b1b019a0-0651-456a-a841-39463c2a5954	32.604202	-96.8653
b1b5091f-3cf9-42ee-905e-90d4c0e24dcd	32.900902	-96.462479
b1bef9fb748da009	32.658295	-96.8397
b1c2bada-e165-4983-ab09-1d8b7abadaa6	32.954956	-96.865005
b1cb8fc7-3f91-4c8b-b6aa-cb800c9ac480	32.972973	-96.906235
b1cc8d8d9c7d8f36639c210d16c04c40654bdbf5	29.676737	-95.653938
B1EA9FA2-85D8-469C-BA95-D4E59D4C9ECD	32.699753	-96.457367
B1EB8E43-0961-4593-8749-DDABABB136E2	29.763306	-95.3633
B20B83AB-D8E5-43C1-B6A2-5EDE42EE163E	32.783096	-96.8067
b21ae426-58f7-4517-a059-efeb4429ea4f	32.961807	-96.8292
b22204c5222367b3	32.658295	-96.8397
b228b63d-b5e1-4f79-b6ec-fbd5ff58d69a	32.809933	-96.627937
B230EC99-221D-466C-80E6-AEE9E4264538	32.755028	-97.331696
B23362BE-3C4D-4F32-947D-A85A1B89C0F4	32.847977	-96.879219
b2489ee8-3dae-468b-bfab-845c5740c1ed	32.812939	-96.808586
b25d381d-f5f5-4828-b074-12a2f4a88ed0	32.999699	-96.764702
b2645d1d-ffe7-46ab-9abc-5cfeabfea094	32.810127	-96.682785
b287980f-6c66-47e1-b0a2-6aba82d299c6	32.432434	-94.933411
b29c9b2f-7659-4ce1-a5a3-cfe8fc7e8ac0	32.783096	-96.8067
b2c78110-96cc-4e2f-820c-305d8a983819	29.7701	-95.1732
b2c9b427-691a-43cc-b020-35c3f753a20b	32.783096	-96.8067
b2e972b5-efad-4338-a8e5-53c622e6f23f	32.9234	-97.081
B2FC6CBC-C4A3-4AD2-AF69-53E5CC44DDF0	32.704964	-97.161552
b3339005-2736-482b-b8e9-a0aef5ed8b5f	32.925007	-96.764534
B33A5348-8F43-4DE0-8C9D-3E57A3D038FF	32.622654	-97.092461
B3507F85-EE2B-4162-8709-B029F1C4A042	32.942772	-96.77035
b35eb6c2-ab1f-49d5-81ad-955640204ea4	32.961807	-96.8292
b3861e71-5974-4c2b-97f3-2441e2186daa	32.878639	-96.699608
B3B9052D-7B59-4E17-8229-BA1EDD7CCB99	32.787384	-96.861519
b3cac868-42cc-43f1-ba2c-90e74bd85a40	32.911842	-96.630569
b3db7875-8469-49d9-a6f3-50e2cba82469	32.961807	-96.8292
b3fcb57a-7de7-437e-829e-ff28cccde274	32.945721	-96.888908
b418dd3f-ad1c-40e7-a5f3-7639be2ec667	33.005501	-96.768578
b42cdd3d-5ce5-4e4d-9b67-052fe51e4185	32.99099	-96.861572
b42daeb8-3cb9-4341-b52b-b4fd7c951805	32.939358	-96.851166
B43C72E8-F2CB-4635-87B7-902742EE791D	32.570206	-97.1313
B4463629-090B-49AD-97F0-64D0CBA1F42B	32.797565	-96.818878
B45406E3-0D97-4348-8FA9-0C6BDB6EAB00	32.924194	-96.855476
B46211CC-C858-4429-911C-275BE12639EE	32.678692	-97.017143
b466b6cf-8060-4f56-865b-bbac4bafd56e	29.987793	-95.655
B469AEBB-4643-491A-BB3C-57B4D301886E	32.923553	-96.878036
B472ECAB-AADC-4C80-97B9-AAC9457A8016	32.841995	-97.0519
b48fc2e67f92b14d2d8ab6ca24e96cd3504ad485	25.764315	-80.19724
B49B04B8-A76A-4A88-B647-872641ED0D55	32.943577	-96.8078
B4BF3417-5612-42B9-8160-338AE8908AF3	32.71142	-96.40745
b4c7cfb1-6f10-451a-8719-1a0d914687ff	32.9478	-96.8915
b4cd856f61defc1f	32.6606	-97.0249
B4DCDE73-6796-48EE-8D7F-79C4D79F3196	32.748386	-97.325638
B4EF43FD-222B-440D-8D6A-8FE3E89685B8	32.2787	-95.0674
b50528b3-a7a1-4397-9fb4-4ccda2af1e0c	32.759575	-96.866486
b50770e3-1676-43f2-b076-e8b770a7b7a3	32.69433	-97.061745
b5184a8a275dcf2fc0a399cadb1a03b43abe19df	32.784122	-96.792
b52b0bd2-66ed-420f-8937-c77ad367770d	32.968544	-96.860291
b547937d-08d1-41ef-bf73-a034ee605534	32.620605	-97.0909
b566464b-589f-41b9-bf05-7ee4ea6ce2a3	32.972973	-96.777374
b56eed32-bd72-44f1-b63f-1aad404f5a4d	32.72813	-97.108307
B5721800-2ED0-4822-ADDF-69D8F7AC165B	32.7813	-96.802
b59c70db-3640-4881-8f8f-8d10b11a3fa2	33.012932	-96.770416
b5b5693b845ecdd39506bfa0d8b9b03cc75162ce	32.966446	-96.855125
b5e05f1a-30f1-40f3-82a6-8515b47b5319	32.960762	-96.768578
B5EE38FC-0FCA-4E03-9CAC-D7E175F1A997	32.805698	-96.812241
b5efca2f-a337-4ad0-9ae7-7954e19cd925	32.913616	-96.780891
b5fba2d4-d7e2-42ca-be8c-8419017290cd	32.745632	-97.005005
b6047b58e6b16d4b4edec68c20e469b4b26243c0	32.964664	-96.80447
B605A34A-E3B9-41FD-9133-5AC1B1063841	32.783138	-96.794708
b613f65e-3c57-49cb-baaf-ede46d938fbb	32.781555	-96.852989
b63537e4-6e64-49bd-9092-0442dbd2b239	32.336979	-97.419754
B642C42E-FE82-4742-A9C2-9BE8EAA812B1	32.80537	-96.792687
b6498a62-15de-4aef-b7d1-0732751e2f52	32.741001	-97.337723
b6552d9c-5679-4662-be9c-a3152854bb26	32.852329	-96.624275
b665373c-8b6e-411e-89ca-21fea491a19b	32.99099	-96.797127
b67ce2f5-3b99-4809-bd34-bdc027e0ff20	32.806675	-96.775871
b698faa3-0f9c-4f4c-bd03-75e8e729ea4c	32.972629	-96.768974
b6b13fcb-bec7-41b6-a32c-95f0797c3b5c	30.417671	-97.670868
b6c023cb-5aa1-4817-9a04-2f8df71c0bb9	30.522522	-97.700569
b6deed71-79ab-4c5c-ae9b-1f9adc514c23	32.783096	-96.8067
B6E90617-02AB-41A1-8983-3A8B446C2F3F	32.737106	-96.9055
b6f415a4-22c4-4ec5-a542-7f5a7dad0a08	32.814091	-96.873276
b704c9e1-4de8-4814-8934-1ff32d6eff56	33.001694	-96.8441
B7082DAF-6E25-4160-8483-CF3DD03F5418	32.743923	-97.112312
B71F57BC-A0E7-4C05-87DF-B8BE02872000	32.797195	-97.031052
b7259e9e-8dd4-47bb-ab5f-2dfcf07caf14	32.61991	-96.80045
b726f0e6-0816-48c0-b144-86e4a9542c7e	32.783096	-96.8067
B7379561-0465-4776-9A16-1E3EFE6EC653	32.949917	-96.841194
b73a6158-f379-48f0-bbe8-9627f2662bfe	32.997231	-96.882103
b75d9532-ee6d-471f-bc39-289160ea45b1	32.647697	-96.885223
b7663003-770b-4e47-ba70-e870dde6e4f1	32.936935	-96.845268
b76714fc-a90e-4ab7-a200-1e942ef5cef1	32.931847	-96.76899
b7861a4b3139976a	33.014893	-96.6192
b79b65e5-23d5-41f4-8864-5f7018292e5e	32.784786	-97.319282
b7b072f97e24944e1bc782d9473ad7507c73e988	32.995102	-96.784645
B7B4C3C8-72F4-43B7-BDBE-CA08D23C9F14	32.756008	-96.78653
b7ca27959427c7f896ca66486201647624161542	32.870209	-96.753105
B7D7AF2D-634D-492E-BFB7-4F630D0FE6F0	32.69455	-96.452393
b7e563a9-d4a6-44bb-95df-57782ec10102	32.783096	-96.8067
b7fa25b1-e00f-4f6b-b4e7-7ad632928b8c	33.00901	-96.75243
b7fcc33128a1fd2484b9f0f0d29a43a5255289d7	30.266615	-97.74557
b8020b57-bbae-43fd-9544-72c9502e93df	32.638058	-97.058441
b84076e1-69bc-48fe-b947-01f191b38648		
B8421923-BB86-462B-BE5D-144A9B56D451	32.82188	-96.785286
b86e438d-ec19-4385-ba88-08a8faf48a25	32.783096	-96.8067
b8791e10-7107-407a-af39-e05b123ead5a	32.643005	-96.855667
b89893e8-b55f-4c9f-945c-9c4616e556e1	33.027603	-96.798599
b8a41a05dfc20189	32.81511	-96.64754
b8b928b7-a828-46ed-ab95-5b5a44d694e7	33.00901	-96.881355
b8e38e1f-ce64-4582-8438-4f69c87483b5	32.965546	-96.821831
b8fc24be-e547-4d79-8975-ec2089d31c42	32.656303	-97.076981
B90AA5B3-9554-44D3-A841-DD5250523CF1	32.780514	-96.800293
B90DFD27-E9E9-482E-8B08-228625CED525	32.919041	-97.039551
b91165bd-3b2a-4f88-90d3-855e838495d0	32.531914	-96.822098
B9189166-AFBF-432C-BE54-7F3A0D816A8C	32.917374	-96.99855
b91c1f5d-ea74-45bd-9181-bf4ebeaee50c	32.800106	-96.830337
b9369a35-369b-4617-bde6-44890bce252c	32.89912	-96.72525
b952f785-91d2-45b2-b567-64e1b3fe9d93	32.687157	-97.092918
b95d0165-a5fe-436e-b536-017bce67ff26	32.806843	-96.937622
b99764e0-310a-4145-8b9d-4399d76dc7af	32.67617	-96.766411
B99E0383-B282-47C8-80E1-B0A49DE6E471	32.936234	-96.767975
b9a42f9f-3b8b-4404-9224-0030050e3616	32.574543	-96.958962
b9a81258-1310-4f33-8f2c-c33846f4c670	32.9478	-96.8915
B9B12801-9CC2-41A8-91BB-5056B712320C	32.817966	-97.128654
b9b14ca1-7da8-4b1e-a13e-5c7bbcf6c1e9	32.790756	-97.059189
b9b6e6e1-b62a-4cf0-8efe-ff381ae6d017	32.644989	-96.882645
b9d77624-5e68-4096-9e0d-c1a721820102	32.592979	-96.86615
B9FCE0F2-AA28-4484-B502-F534A44852BD	32.743843	-96.554085
BA030970-AE71-4FDF-86F8-FA221C058BD0	32.813995	-96.9489
ba0b2b6e-9ff5-4702-b4e7-36c574483f08	26.328123	-98.172165
ba0f00ff-d457-4982-ac44-f6440b883ff8	32.774777	-96.775551
BA18F232-F815-4F89-9996-169ED01F7333	32.708061	-97.116112
BA22269E-316E-4F8D-B217-65E84F95CB73	32.922291	-96.785316
ba40d71d-97d4-47e7-86fa-3e0d906955aa	32.892979	-97.098885
ba43a1d7-de4c-4ad8-9459-36bd10cc5d64	32.936935	-96.823799
ba58026c-0cf8-4ccb-b277-a668cf816af5	32.979698	-96.710098
ba6397a4-8767-45ae-b513-8da7ced08569	32.531582	-96.819557
ba64605e-2745-43a5-970d-528cf5acb0fb	32.7825	-96.8207
BA6B0F12-519A-4E5F-B18A-965D7800E44C	32.833893	-96.7715
BAB1590A-75F7-4606-BC42-8CA360CD2B83	32.989216	-96.75473
babaafbc-7057-4aa8-a1ef-51f31068daa0	32.456558	-93.777206
bac30628-008a-4936-aa40-07ca49570b9f	32.801941	-97.051475
bad31d67-064e-4399-895f-5ffc30f8e13e	26.067518	-80.143341
bae7040a-4810-4e38-9b75-24268cdfbaaf	32.648617	-97.063919
baefced990a0eed4	32.7875	-96.7998
baff5d21-985a-4f13-a602-dc60ae969ef3	32.798855	-96.807922
bb041124-1eb4-43b0-8ff6-6c4674886e04	33.005276	-96.823738
bb0dfe89-2ca7-4983-b4a7-32cee4f9a503	32.927063	-96.825058
bb192ffd-6859-4883-b94e-ab5e7b5ab3eb	32.76709	-96.600288
BB276CEC-348F-4172-AF55-BD4C3A3E5B44	29.48729	-98.58119
BB27A63B-D492-42EA-9202-5918C6318844	33.001274	-96.905747
BB49CDCA-B48F-4763-A302-CC48C2EB83A1	32.79247	-96.80969
bb655d3f-b737-4a9a-9ca7-af635dddfda6	32.92934	-96.850082
BB68FF57-8DA1-47B7-B42D-D3F9E43411A7	32.608818	-97.115158
bb9fe084-19eb-4ede-9e2f-14e22ef646a0	32.758698	-97.3321
BBA7C06F-DA1E-4901-A77F-0B080E5AF6E8	32.667149	-96.922462
bbf28bcc-eaca-4bb0-b6c8-710553c250bd	32.874958	-96.943596
bc099b69-6f0b-4ee9-94c6-c7d208552379	32.830494	-97.165161
BC0BAE0B-D274-4FC8-B1C7-62C8C74765D6	32.948196	-96.729698
bc152090-2c14-46e3-a7fd-47e0c1510ce1	32.93462	-96.822411
bc1936f1-8522-418a-99a2-7bed09345b4d	32.934296	-97.0781
BC3DA002-3B89-464D-B4BF-B20C75488ED0	32.79597	-96.83371
bc4b248a-5422-4965-944e-6d96cf3c2b96	32.81081	-96.857651
BC81E15D-B422-4404-B72F-C3803460DC52	32.728684	-97.113937
BC8964DB-1284-4E11-93AA-B4183A1A53E7	32.935249	-96.82267
BC972582-1966-4738-953F-11819627AA1E	32.704212	-96.650383
BC9B76D3-B287-442B-91F0-DB1975355D78	31.75763	-106.3499
bcc5902e-59ea-41b4-8b72-8403ded24124	32.846725	-96.619148
bce28594-55c4-4f1c-b3e7-124246195197	32.970932	-96.682037
bcea8f72-f32e-4d90-9f1c-1259f59d05f4	32.629799	-96.905281
bcff1769-1b2c-41ef-a8f3-e2760faf96fc	32.655582	-97.10669
BD1109F9-3EB6-44F9-9544-9AA97A402A8D	32.950676	-96.845238
bd27e9de-135a-4ad7-be98-cd8a2f3432fc	33.034103	-96.8705
bd37e000-c391-4f90-8e3f-8cb136593dd7	32.783096	-96.8067
bd4635db-29f0-448c-b129-cdaba5ee48ff	32.588131	-96.936623
bd7bdbdb-5f47-474a-ac6b-29cb05565883	32.779877	-96.8032
bd96cd2c-0ad9-456c-ae98-1b6938366ac6	32.6606	-97.0249
bda45cb3c8cb103edb11b518cf11cb40f7550658	32.98519	-96.80273
bdba7f3d-d1e2-43c9-a34c-89536f90cc99	32.915398	-96.86338
bdc00edd-8ead-464a-981a-d729879540c6	33.009583	-96.821938
bdd55a5f-3196-4856-baf9-0db7524b26b2	32.589905	-96.8569
BDE436C8-ADAA-47F6-9F0D-0DB0B7E5B094	32.880768	-96.63894
bdf18fde-63ed-45a2-b90d-209d7fd6c654	32.650425	-96.867821
bdf1fa14-10c7-46b2-9b88-651e2e4b432d	32.783096	-96.8067
BDF506BE-1605-4779-A2E1-485B00EECA09	32.76001	-97.092072
BE05C287-1D33-4EEF-9CB7-4B0A87662A2A	31.523932	-97.13237
be0625e8-aa86-457b-b15d-6cbae94e20b9	32.774437	-96.802467
be13b607-be86-49a6-9a99-f97ff26f4132	32.869427	-96.982857
be4699a2-c350-4340-80cf-6e97a0e1c7b8	32.803612	-97.381905
be5957ee-56b1-4f6d-807c-f72ea14a0ac3	32.882881	-96.786156
be6fd4f1-e303-4030-b53f-9a2b3627f7f4	32.900902	-97.2565
BE88B351-C567-41CA-AC69-88620987C72D	32.997642	-96.716759
be8bbb72-5ec5-4adf-90f2-53df4f5c9347	32.841995	-97.0519
BE95A3FF-3AEB-4775-86E6-DD368E1D0636	30.267197	-97.7431
be98d12d-2e8e-4618-b9bc-dcbe6223ba23	32.941441	-96.759674
be9d98b1-0746-4fb5-b6ab-fd7428957f7c	23.129496	-101.10965
be9f3fa0-99be-47bd-8992-3d3dcbca7224	30.28237	-97.735969
BEA10A35-573B-4ADC-A8D1-7B921E70AE55	32.949593	-96.803185
bea71907-e493-45b0-8f56-40d560d68651	32.804935	-96.994156
beae55bb-5464-42a7-83f1-700899e0c4f8	31.2921	-92.4614
beae6ddc-c839-4ee8-a080-13b5a7ef344f	30.28237	-97.735969
BEB44BD9-C2A4-448B-BA48-ECB895EED920	32.724304	-97.080498
bec8ed70-f8d2-4b48-982a-e473e0ee07b3	32.799408	-96.807556
becb4c59-d8ed-4b10-b4df-ae87e31618c6	32.644802	-96.849739
BEDBD488-0BF0-4DF2-A25F-BADFE04DE3C7	32.6712	-97.062492
beef32b7-67db-447f-bb27-211aab75ad7f	32.932117	-96.758415
bef329a4-75ae-4552-8d33-8cf9ab448358	32.901306	-96.7936
BEF44ADA-AA6E-4696-8776-68DFFEF0EB00	32.9677	-96.7989
BF09B789-51E6-4AD9-86AD-E9CF32B3A411	33.034103	-96.870499
bf16466b-4e24-46a0-966b-0a5431af67d4	32.909596	-96.720581
BF1D3FD8-1EFE-4AF2-8D86-B8930C62C83E	32.960651	-96.718887
BF28C42A-CC74-438C-9E2F-D52427B18461	32.966282	-96.822304
bf2c1dfc-01aa-4cd2-95da-db09b46b62e8	32.888451	-96.663406
bf2c3bfa-5376-40ed-a6b4-f4b1c33d1884	30.404734	-97.39363
bf2c9a07-2f1b-44af-89c7-4b811dd407ab	32.862	-97.19438
BF2DA15A-4C08-495F-9C99-5053F5D6027A	31.50291	-100.4457
bf3eebcb-9f86-4187-8edf-60cd711b751f	30.288288	-97.737724
bf41e1f8-ba82-406f-94dd-f163cc120638	32.923889	-96.835205
bf480d12-eeb0-4383-8b12-d682363e7ac1	32.648647	-96.895615
bf618d53-a9c9-43a4-94c2-bd3f8ecf59fb	32.936935	-96.823799
BF99B05D-6BF4-45B5-AB32-D6E22F2729A9	32.951157	-96.761154
BFB12889-FB22-4BF9-BB27-B3F8F02ADDD5	32.737106	-96.9055
bfbe247f-87cf-4498-8e75-098b83f1e0e4	32.73339	-97.407814
BFD75DC7-4079-436A-8250-1711894C625E	28.111986	-80.572609
bfe5dae4-b70d-42a9-923f-eb528295641e	32.613503	-83.744339
bff2fd1a-95e2-45c5-842a-da36e0c73563	31.891157	-102.39361
bffb0966-040b-4894-89df-68a01f2dc1c8	32.181702	-110.95744
C008830B-7A38-4103-9F96-E84ADDC71B82	29.9552	-90.0755
c014dbea-8086-40eb-9c15-9fdeacbe282a	32.6586	-97.3842
c020bf40-7409-437f-80b4-5249ff4b4024	32.967918	-96.767746
c022b93f-ce1c-403e-9f5c-4b88a8c32876	32.783096	-96.8067
C04F2BDF-B192-449F-B51A-E9937D789003	33.011333	-96.821175
C0543B05-9DCD-4221-BAE2-65082B47C4FA	32.663776	-97.356804
C057349B-13E6-4F00-B027-6E28AE319224	32.794254	-96.807213
c060736c-3306-4dd5-bcf9-d0ea41898359	32.968903	-96.7991
c06deb58-06eb-41ef-8448-ec26b6f4daff	30.28237	-97.735969
C076793C-1308-4C7C-AA11-78E18CF31DB7	32.810497	-96.806732
c07706cc-bc08-49be-b0b1-ad3eaf52c4e8	32.451904	-94.6414
C0770F31-918B-4BF4-9D94-86CDF1493B7C	32.836281	-97.021027
c09e06e0-2877-4e29-861f-4cdb5c76ffe1	32.813152	-96.608002
c0b386ac-c13b-4068-839b-ea5cffe3d05c	32.855179	-96.644058
c0e2ba80-29c4-43aa-bc83-3b906800c27c	26.172009	-98.006607
c0f9f237-dc26-47da-88ea-e3f28bdb589a	32.936935	-96.780861
C1163A20-ACB6-4091-82FF-897F8947B52A	32.804031	-96.796387
c136c92f-4a79-4445-a15f-a719cf3f8088	32.81081	-96.814774
c140be07-c7bf-405a-9bfb-a1cbbf9906a6	32.954956	-96.800583
C157048A-ADBE-44C2-B9DF-59BCB2424791	32.902893	-96.716446
c15ef199-b42a-4743-a9f6-f59e78c393d0	32.8134	-96.971367
c17c1732-b052-4cd5-9ea6-3084f125ba2d	32.752644	-96.68309
C187A090-7A1C-4E73-B677-82717708BEC1	32.789604	-96.78833
c1a34bcf-5a3f-477b-9920-bc4637b38052	32.939587	-96.807335
C1D4A8E5-AC2A-45E1-A33A-235666235221	32.960895	-96.83844
c1e5fbca-8470-47db-be00-1b4fb207b08b	32.9245	-96.8938
c1e6115e-14dd-4069-9c5f-9ab32d11b0f5	32.590923	-97.150559
c20c6e45-d391-4729-b14c-f75c1dc2e1e5	32.64164	-96.917885
C223BD96-A61B-440B-9A16-C13C279AD4AC	25.942432	-97.4207
c24c5462-5d69-4ad3-8a92-9b40aa296652	29.665152	-98.418198
C25C9D07-9039-462A-AE2D-55644ECD5541	32.7813	-96.802
c25dc425-fb92-4b33-bf84-1050ec65a486	32.894985	-96.703484
C26EED22-07F6-470F-AC67-AC293864B79C	29.699945	-98.122024
c27badae-6f47-4355-a3f8-0d4e078b5f29	32.99099	-96.861572
c27beaac-2f3d-4ac9-a288-63f391573b55	32.38	-97.392715
c284baa4-487d-4a41-9bca-46ba5278f7ce	32.977921	-96.740936
c28dc3c4-f193-4808-bab4-8c2beb7773c9	33.0347	-96.8134
C29299E0-538A-41ED-8CCD-4C59133E0F99	32.70002	-96.62455
c2a2f7ed-f195-4aa7-a076-e5689b9c2776	32.918545	-96.902847
c2bf3fa0-0a60-4b63-a89d-64db2bb8a8aa	32.812462	-96.78434
c2c81b2b-ab6d-4c56-a117-7ddbf09a977e	32.989533	-96.770256
C2CC0D44-3809-48B9-B001-31FE043DC068	32.920853	-96.856422
c2da7f45-a7e6-4e10-b72a-3cde1eb25af5	32.351303	-95.3011
C320AF4C-1A8E-482F-9D6C-8E1638F5065A	32.806534	-96.730545
C332F8A1-A012-4C7D-857E-4D9A105377DA	32.688534	-96.447891
c358b995-f2cb-43ec-9b2f-6a73abcdbf93	32.679733	-97.107307
c3612546-ab79-400c-8654-292dfa856179	32.652416	-96.948868
C378CC7A-053F-497B-946B-2FB4760F6223	25.954292	-97.50425
C390EF69-0300-43C1-AFF6-EC1C02E8D1F2	32.824501	-96.79145
c39daeba-b878-4d20-934e-2ca4d6d8f7e3	32.789261	-96.800774
c3a57f5e-9274-47dd-b16c-704b3cc8262f	29.589903	-98.62251
C3BDB70B-9311-4B3B-AFC3-8D524A8D7667	32.781887	-96.793373
c3d2c506-3213-4ee6-8073-9b2a88e62093	33.006046	-96.821869
C3FCC4A9-3C67-4E4C-8C0C-080590169065	32.839436	-96.635231
c410a964-0764-4bce-b85a-a4562100b375	29.9552	-90.0755
c41ec616-9697-4d18-9de3-bc21d18f531f	32.735603	-97.097267
c4268ed2-a11e-43f0-b621-d7509a57fa2b	32.80122	-96.92411
c428c436-5d24-4ae6-a859-e74482a10bc0	32.984837	-96.746529
c429245c-51b5-438b-babb-af8b2fa43e86	32.783096	-96.8067
C42B2A5E-9FB3-4503-BEE2-193A6D31FC01	32.886635	-96.730034
c4374964-390f-4a5f-8ed9-05af71c40463	33.011375	-96.90594
c455796b-1066-465d-a5c7-b66603f01390	33.022949	-96.764473
C45C0B87-DC75-4041-B4C8-4F94B1BE916F	32.99559	-96.704575
C45CD328-7131-4DEA-8D97-39B421B8BF93	32.9299	-96.8353
c45d0958-9a45-48d6-af03-91d1351e49a9	32.846848	-97.154327
C4606EE3-3FC3-4EFF-AFA4-83B665898026	32.963	-96.8842
c4780ab7-0146-4bed-9924-d509f3bdfe8b	32.813484	-96.865784
C47F8E65-F859-46BD-997F-AE4E56EC2954	32.989319	-96.918297
c4841fe7-e67e-40fb-b67b-3d735c662f11	32.742645	-96.612282
c48b5f7a-5ca9-4a58-8bdf-583b339a1aab	32.783096	-96.8067
c4b058f0edfb1a84	32.9478	-96.8915
c4e483ab-c1bb-4f35-8ea4-8eb4c3f36a8a	32.750889	-96.856873
c4e6eaac-9818-493d-a635-2bc8cfd40599	32.983524	-96.758003
C4F6086A-EF6F-47BC-A779-D2141110E58A	32.782234	-96.7925
c50bbae5-60c2-4287-9d4c-4b7906549061	32.600815	-96.813652
C51A91EC-A3F9-4E65-9F66-0DE8DE2D1ACB	32.754833	-97.33192
c53ee7a0-ce58-4d26-b19b-7f9ed36a729f	32.973335	-96.705818
C5733918-B82C-4A7B-9246-0FF71856E00C	29.763306	-95.363297
c58a002f-cf02-4da2-988c-814e9c693512	32.954956	-96.907951
c5944f57-1e78-4d7f-8764-6deac0ddd05f	32.429993	-97.1929
c59bb6c9-3552-46e8-a430-5bcec122c8f8	32.966885	-96.865616
C59E07C1-61BA-46EC-BA6F-1A59A727C139	32.436893	-94.779884
c5bc9330-75bf-482c-b82c-bc410ea44c59	32.783096	-96.8067
c5d07047-5ee3-4816-b701-fde46fc03822	33.003281	-96.886291
c60f0ebd-4d9b-455b-b893-732ebb7deb35	33.002117	-96.778214
c614c83a-cf6c-4258-ad72-936e5f2dc77d	32.71196	-97.130043
C6200CDC-358C-49D8-A727-EA2444E7BF65	32.74786	-97.09269
C62DCCCE-A5F8-498A-BEF6-71E460EE65E9	32.758698	-97.3321
c63a834a349c863f	32.775696	-96.8826
c6478ee8-3249-4450-b0d5-d61f3a12e6df	32.783096	-96.8067
c64ea043-0052-4b56-a777-5a8416b23dca	32.920898	-96.836822
C66528FC-924A-4384-A53A-9F88137D5D87	32.805744	-96.840042
C67FA2B3-D33D-47AE-AE56-41BC29031236	32.691555	-97.07299
c683f598-7b6e-4321-b11a-19fb37a57cf0	32.814522	-96.867157
c6a35536-64b4-4e4d-a94e-de575e29414f	32.511406	-97.167152
c6e2431b-557a-4456-9560-5abae6cf56ba	32.758907	-97.289101
c6e4a847-ed16-4c4f-92f0-ddb7ef1df14c	32.643215	-97.060669
c70c091a8ce7814b	32.658295	-96.8397
C716A363-154B-4DA9-8585-009FD956325F	32.784576	-96.794128
c71983b8-caa9-4d80-aa4d-4152959851ba	32.882881	-97.172356
c71c197c-4cf6-49a2-8a2f-3e22f1d3bfac	26.108109	-98.199982
c73a96db-e440-4967-8e15-63594ab16b72	32.592018	-96.823334
c7425c81-7329-46cd-8710-3c59a868d847	32.882584	-96.69696
C7548E75-9378-43AC-AECF-251BDC9A4163	33.013928	-96.887199
C768C71F-53A7-478C-B5FB-9F8D8C10797C	32.950069	-96.815597
c76deaf2-c132-4939-90d6-8903071eb10a	32.925774	-96.803742
C77B2FD0-CA30-458D-A233-3CE36C232525	29.95098	-90.0676
c77d175d-3c63-4749-9457-216ce93fec66	32.594593	-96.944054
c7863520-d184-4c30-8ba3-a8b43365ba3a	33.010334	-96.896454
c79ff8ef-7998-4e6f-913a-7209b54d1f3d	32.810337	-96.810432
c7a0448e-d50f-4d17-b0c4-8a0952a0df5b	32.834919	-96.917183
C7AC78C2-1C61-435D-9283-7D8AAF64B591	32.936375	-96.744675
c7af8645-df5c-4526-b1f6-ea24cb859496	32.837727	-96.963104
C7CA30D3-44EA-4E09-BA4D-D278151158B4	32.735703	-97.1081
C7FDF306-BDE7-40D9-B750-F1281C547BC4	32.936203	-96.852295
C83354A6-6131-449E-AE84-9A0738C0CFFE	32.7875	-96.7998
c83eeb9c-bd34-4b5d-aa1a-96d2b09b165b	32.141827	-94.766128
c858b2d2-a3c4-420b-8d16-a881d8829938	32.780113	-96.805763
c86b55fb-8ac1-4fa1-80c5-df93f190a004	32.972973	-96.841804
c895b867-19e2-45bf-9af5-83b4baeb4543	32.936935	-96.80233
c8ad51df-3ff9-4be7-871f-3f0f29b9b4a0	32.300678	-95.319443
c8b37f52-89fe-41e2-92dc-ad02fc0b764a	32.99099	-96.904533
c8d3fb2f-4c4b-4bb9-80df-59d2bcc065c5	32.967537	-96.704147
c8f14f30-f05b-4b63-b044-06dd3aff5330	32.977806	-96.925362
C903BFE4-2BAA-4219-954A-F08C46D0CB4F	32.777481	-96.802612
C904D47F-6DC3-4B04-942C-F1665EC7E844	32.903519	-96.657921
c91071fe-4db2-4664-af33-98078c03f67d	32.659485	-97.13533
c91dd324-0b9b-4566-8ae3-1fe73fbc6008	32.762161	-96.742485
C91FA4B7-3A8B-4167-BDC3-4DD9541F49BF	32.947655	-96.827507
c93d491f-8b94-4afb-b4cd-4e01c0d1a331	32.762684	-97.055382
C9611D79-819D-4CB6-9047-DE0C507D3DD6	32.7875	-96.7998
c962d61f-33f5-42cc-86e2-46e1ce10ed64	32.784626	-96.799957
c9652339-dab7-47f6-8fee-ed0e281e2890	32.72752	-96.822479
c965ace0-2df1-4116-9e30-03701d759098	32.835117	-96.811508
C979FAD0-7B26-47FB-A165-60674A28FD3C	32.881634	-96.69402
C981B5A5-4DAA-402F-81C6-39FCBD88BF70	33.02668	-96.78215
C998CDE6-101E-4D1D-96D5-9CB8309DD8B4	32.849255	-96.773071
c9a31b1b-e598-461d-b93b-0f833c1f217b	32.783096	-96.8067
c9a37745-6906-4667-8c48-14e04bd03ed3	33.001694	-96.8441
C9A85A8F-2A7B-40FB-8271-5FD6A1223E03	32.809769	-96.76207
C9B638B3-F6BC-4322-9289-6F86B92D9AB4	32.975193	-96.71579
c9ba820d-9329-4b8c-a350-c18b7f22971b	32.835678	-96.843254
c9e5e0b1-957a-4eb8-b34f-ec5ed1fe1e47	29.711712	-95.511879
C9F1C332-9490-4CF8-B0DB-5919778519A9	32.964977	-96.783928
c9fdf458-23ec-438e-89c8-cf518f6d55f5	32.984096	-96.8591
ca02a455-a9e2-4015-8148-3739ea3a0bec	32.666668	-97.129181
CA10C1CD-E2A3-4D4B-B16E-9D4D93DE37F0	32.958015	-96.854515
ca1bb4d0-6a1a-4f7e-846a-700eec7c4205	32.971432	-96.8489
CA2D380A-4D46-40D2-AA5A-2D0438EF960D	32.80853	-96.81547
ca2edec9-c136-4708-b790-784fb3f76c8f	32.783096	-96.8067
CA5413D3-9A10-4827-8481-509C9DC0A7BB	32.762165	-97.352638
CA78B570-0F92-4FCA-9D12-4D3D77C79B10	32.9315	-96.7954
ca86d283d7612643	32.935806	-96.7853
CA9042B6-94DA-4A7C-9209-DC18A7EDC869	32.652153	-96.0822
ca92d4fe-4256-4bfa-88a6-2ee7cb09a325	32.783096	-96.8067
ca959e76-90c9-41ae-b9e8-585dbeeffe9c	32.589905	-96.8569
ca97f6bf-01bf-47c1-89f1-166afa135958	32.972973	-96.863281
caa39c1e-953e-44e2-8911-0b1e3c0dbcba	32.836636	-96.856506
CAB61461-F8DF-47EF-9954-35F173E59BD5	32.974438	-96.90458
caea2743-0224-4c74-a9fd-98571946baec	32.937592	-96.848221
CAF2E972-D0CE-4C7F-8628-CBC0A099F511	32.683449	-96.448288
cb184fe1-ee96-47a1-8d94-d23bd9ec4978	32.667603	-96.7488
cb1aa5c6-2365-4998-b008-c3f132648c1e	33.005417	-96.908142
CB1D82C7-1D92-45AC-9740-45D01D9A07F9	32.929901	-96.835297
CB2034D2-BADC-439E-A99D-40EA991B4F59	32.677013	-96.824676
cb2ff936-abe6-4e01-ae12-c1bfe9347342	32.989391	-96.804924
cb364ed2-15e2-4194-8a1d-c906634b6862	32.738739	-96.75782
CB3EF789-2604-45F3-948B-F65B471F25DF	32.60512	-96.856705
CB461335-83E8-4486-9D5C-ADC0E2EEEA12	32.887631	-97.034576
cb4826c2-9df6-49a9-aace-5762f2fca7fd	32.633343	-97.132736
CB5D6FBD-8655-4A00-9853-49A833C8ABC3	32.737934	-97.64537
cb610700-57db-4bfb-a778-afd9524ab994	33.035007	-96.876259
cb626e1d-235d-4531-80f5-24e785fbbd68	33.034103	-96.8705
cb751ed0-ee67-4ab0-82b3-0ea499362112	32.762898	-96.897163
cb836fc8-4bd2-47ec-9de7-6cd47b021c81	27.8057	-97.6887
cb8c4972-fdd3-4eb7-8bb7-7b3309defb1c	32.940433	-96.760956
cbaeec20-6bb4-4699-b830-313da7ab5cc3	32.99958	-96.751526
cbafcd32-6661-4037-b563-306d6b91a8e8	32.91757	-96.8566
cbba1f3e-fb98-48ca-bb3f-f939b5385f76	32.660492	-97.0672
CBBCB83C-37E5-401A-B926-0DCF26D50130	32.986992	-96.747879
cbbe894e-fd42-4768-ab4f-5bc3e5e27481	32.908352	-96.827057
cbd860f3f8ced3ae07aebce9600a790d147d0df2	33.007118	-96.872093
cbde9520-92d4-4c45-be0d-c063d9c46c2c	32.810429	-96.807243
CBF63393-0FBA-4CAC-8908-78A12007D88F	33.014229	-96.822296
cbff576f-aecc-4196-8525-9084dafb06de	32.914307	-96.7366
cc1b7e3c-7247-4dd5-b401-036ecb2d023a	32.555729	-97.184051
cc2c0e6f-0396-407a-a359-f720694c367a	32.880501	-96.970703
cc2f525e-db80-461d-a60b-bffa97cf9099	32.984688	-96.829338
CC546E8B-2B86-43C6-9337-72F386A8B63D	32.819504	-96.6338
cc7e7806-9697-4b6d-a631-e1fb474c2c8f	29.770599	-95.400848
CC8DE00E-0C46-4E14-ACC7-FCCD1B73AB84	32.853992	-96.68636
cc90892f-9aae-42d5-892e-7b1c6f803d41	32.583691	-96.931801
cc9107aa-4b92-4594-bfcb-663f9e75ec23	32.906357	-97.035744
cca10fd7-beae-4844-91e9-af93164ae830	30.430651	-97.670395
cca54481-1a05-421e-acd7-65b296c9773b	32.968761	-96.829811
CCB1F41A-7DF8-4C91-8765-4C2631171BE3	32.7875	-96.7998
ccb533b0-c95d-4c7b-820b-5fdfbcb493cb	32.737194	-96.916931
CCBD3324-0760-4678-ADA3-A463B67AF832	32.784061	-97.060562
ccc5fbc7-3cbd-4f4e-8fb5-b3fc4529f4df	32.460884	-96.942894
CCC78810-427C-4FBF-B08A-4A7F310A9C9E	32.755878	-97.085167
ccd7a86e-c8b6-435b-8c70-276c9d0e5ee3	32.807415	-96.795235
ccd9d754-9ed4-4c43-9a32-ea1569b58280	32.81081	-96.664711
ccf6314f-c397-4d5e-b2f1-91d9ee10122c	32.617535	-96.849396
CD07A047-8704-4DD0-9500-4207E1A1794D	32.570206	-97.066673
cd13554e-b200-4c2f-90c4-53c6fdde8671	32.968903	-96.7991
cd4a9121eb452f58	32.6586	-97.3842
cd4d1752-d63a-45e3-9ac9-f0e2902ed9f5	32.89428	-97.038353
CD56ED47-0DDA-42EB-9FE8-EB7E42930F3F	32.783096	-96.8067
cd65bf0b-5735-4cd8-b1c5-abb7ed7f093f	32.878025	-96.655838
cd76beac-3fde-4497-b371-cfc5172c4615	32.817101	-96.793839
cd773dee-1ea0-46ee-ac14-82c054cc4263	31.117117	-97.339203
CD8DCFA4-5979-46D4-AD30-10C3A210BE36	32.880364	-97.098137
cd922480-4c29-465a-aacb-bbeef8634b8d	32.83807	-96.839455
CDABCD4C-C788-4392-82F4-34A9FFA340E2	32.80585	-96.809074
cdc4b0ac-0d54-4fac-8491-a29ddd4c348f	32.642784	-96.8334
CDD60D1E-D524-4F0F-8786-FE5A8AEC07BE	32.985954	-96.774223
CDD881E3-894C-4A06-BB05-6EF41CD2A59A	32.783005	-96.7762
cdfaf88f-527b-4330-9f8c-2f80487a835d	32.808647	-96.947914
ce030ee6-6641-4d4f-9500-b3404779db66	32.958614	-96.66364
ce081b4b-db62-45ab-bb02-616dd38a151e	30.28237	-97.735969
ce23af6f-b37a-4c20-94c6-f67f37656683	31.813427	-93.510254
ce65412a-de51-4439-8ea5-4b1ffdf8feb2	32.783096	-96.8067
ce6b6a51-72e0-487c-b934-98927f3766aa	32.765698	-96.895615
ce70d559-1504-4999-906c-a60ceeca5206	32.984695	-96.866417
ceaeae44-d457-4e00-a5e9-7382454de28e	32.979309	-96.890243
CEB03BF8-A0D9-45A7-9748-87AE5FBAEF40	32.718887	-96.81354
CEB230E8-C5E4-4835-8C40-5743C8FF5C6A	32.948196	-96.7297
CED22068-E2E4-4B3F-B90D-181949850FEB	32.983677	-96.879311
cee7626b-31e3-457b-9108-90348d849d44	32.783096	-96.8067
CEEE0B35-CA59-48FC-87FD-72414321A028	29.819323	-95.365509
CF2AC1D1-BC24-4474-A160-BB46DB216395	32.6614	-96.8164
CF360C24-EA41-4A89-8444-A46FD5BFC3B2	32.814739	-96.804993
cf4341e7-f308-47e5-ad60-f4292a7cda8a	32.93956	-96.764511
cf555a0f-4c82-4e1b-a9c5-a024ffdc9800	32.819504	-96.6338
CF5756FD-338F-474D-BDDE-26FBA627EB19	31.9965	-102.0837
cf5b835f-8df8-412b-a254-c419fbadfcc7	32.686527	-96.447533
cf730899-bc9e-44a5-8260-842444e3e41e	32.684685	-97.619743
CF7E9EE4-5531-45CB-A3B5-EFF802BD256F	29.44792	-98.679855
cf863021-dbd6-4a3a-b266-80a802aa5b09	32.78378	-96.84132
cf88900f-4128-4d9a-9419-4f7c27d7e788	33.010223	-96.799019
CFB136A7-36B1-42B3-A8EB-B71F4DD772A3	32.505096	-94.7066
cfbb28d7-bac6-42f3-845c-2ae2a7fa43e3	30.594595	-96.286987
CFC8BD19-6DAC-4694-8798-266DFE4B3E65	32.803799	-96.794083
cfc8c83084cce6c2a6ba5ffd16af9a5e	25.632977	-80.35901
cfe1cd88-21b3-48dd-9d18-c2cfe720c90a	33.00901	-96.79541
cff3425ab9b958d7	32.968903	-96.7991
d00e816d-c240-4604-97ac-e857275daf68	32.954956	-96.693222
d01f3ce3-e0c3-471a-b48f-12a4c80151c9	32.99099	-96.861572
d02914dc-5696-4345-89f6-5db10cbcd168	32.720863	-97.066879
d0a37752-660e-4d72-8a17-317c77ef34c7	32.766575	-96.912819
d0a86d76-8ca6-47d0-9c36-8b734713297a	33.008583	-96.804115
d0b1c093-58c9-4165-8448-5ecf8f0c0ec6	32.738739	-96.843506
d0b5c005-3db8-4fb8-a11c-ffac19a46d5d	32.828831	-96.941627
d0b6ea6a-f5b3-4377-b07f-640624392c47	30.281998	-97.740524
d0bb5554-66a4-4563-bfa2-e099f84f23ba	32.981792	-96.76329
d0bd9392-6816-439f-9216-ce2c48777486	32.98357	-96.799461
d0c19b9b-dd39-45b1-b8ed-7ef3e0f94546	32.936935	-96.823799
d0d9177e-ad4d-4f8e-9228-cc6774e954b4	32.787518	-96.817856
D0ECA4A4-0919-4F6D-8051-44C0AA128DA1	32.974892	-96.725243
d0f39494-6b3d-4903-a635-721d6c2d7bcd	32.941551	-96.90094
d0f3f672-92a4-40e1-acb9-26bd971cbdc2	29.747845	-95.369591
d0ffa9de-25e2-43dd-b839-8b41751557a6	32.877682	-96.770905
D10C9072-FFBE-49F2-BDC9-D683B57F9DCD	32.908382	-96.751923
D11D758B-B7B9-4F58-8050-32B6A99F713C	32.7813	-96.802
d1241277-293e-4f0b-8b46-6382dc82a695	29.52282	-95.161232
D12EF7A5-3D35-4C3E-A067-9992CA7711D4	32.73912	-96.916916
d13a10c9-a35f-422b-a785-73722c904655	32.901211	-96.717361
d157cdcd-c294-419e-b70e-bbc2bdf6a587	32.810928	-96.811218
d15f59b3-fc93-4eae-a41a-542aeb3a7bac	32.600655	-96.927101
D164D011-613B-440A-9ACF-7B8C8C43CFA6	32.903797	-97.036377
d17fcb34-8e9c-4b11-a8af-d95bbe1fbf4f	33.031635	-96.780792
D18656CB-1823-4FC3-BED1-CF80A691AB89	32.80041	-96.78305
d1908ad5-c214-4553-9569-73a4adbcb545	29.306736	-95.8209
d1adabe1-d72f-44a7-a2e7-96d40c0bdc8f	32.783096	-96.8067
d1c8c0b1-d376-4a61-808f-f504b18c05dc	32.533325	-94.376503
d1d2f304-a013-450b-9153-b851a1d32b28	32.740761	-96.418487
D1DD2342-7B09-4EA9-9964-53CF9E7AF6D7	32.862572	-96.650147
D1E8F292-AF40-4E5E-8BFD-54A6B51C97E0	32.86483	-96.898918
D1F11F87-D06B-475B-A948-13647840989C	32.992703	-96.908928
D1FADD01-4C4B-43CB-AA82-A6BEF238CF52	32.686527	-96.844955
d1fc21f9-b6c2-49ef-b2fb-7556175c6045	32.792793	-97.180962
d20dea59-1b4b-4cce-9941-680f869a4076	32.738739	-97.400444
d2236156-75ce-4c43-9241-6f61a277eb39	32.809612	-96.922775
d23ce2d3-4c08-44f4-b25e-f112c722dd24	32.970459	-96.826439
d2600bd9007406b17121798e099cfc8fc022b570	32.953228	-96.82535
d28a60c1-8a50-47f1-be1b-ee3d9b0f15f3	32.667606	-96.920036
d28b183b-c6ef-481c-95ef-a66c6458e1b6	30.271122	-97.741768
d28bbe08-7ecb-4c16-b317-fc3ddbf9e583	29.9552	-90.0755
d294c9f3-8ea8-49e7-a3ac-1e38f7482d16	32.833538	-96.784638
D29D8273-8AA2-483D-B2E9-5434A0DE6424	32.866497	-96.70562
d2af03bf-0563-4079-b67e-0925021a271c	30.28237	-97.735969
d2b3399b-4f1b-4d17-a2ce-f8b70bf2e2ef	32.756756	-97.09877
D2B93129-DBE5-4139-B559-B806F7345F23	32.783096	-96.8067
D2BD9B9C-6A80-4A4F-B559-792EEA81C6BC	31.781023	-106.39587
d2bff583-a2cb-4993-bf2f-bff5d3b4f586	32.918915	-96.54184
D2C8D5DC-CECD-4D1C-93D8-CEAB3BE4C0CF	29.763306	-95.3633
D2E5F2DE-990F-479C-879F-BA444A2D4D98	32.947998	-96.8132
d2ebcc95-4c0e-4ed5-97b1-935b7b17651e	33.027268	-96.880547
d3000a8b-6870-4a41-8bbe-ca32936bc3a7	32.651543	-97.048408
d33e3945-3d69-4e49-bf13-7e3dbfa87f25	32.783096	-96.8067
d3413455-ddcf-4b16-add2-303e8cfcabd3	32.970669	-96.720482
d3483732-8d07-4d98-bf63-dd9567711757	32.704128	-97.38884
D35797A0-5B93-4B8B-A46B-442518FB0BA0	32.628693	-97.1549
d35c45b2-67a6-4bef-83a5-a5cb4a6a8aa8	32.783096	-96.8067
d39eb367-1852-4ca9-8f6f-c6df84dce9af	33.010101	-96.857773
D3AC481F-A567-4933-A19B-E7EEAE3CE633	32.795445	-96.77105
D3B5A163-E334-45BB-807F-7BDF6AB66402	32.783096	-96.8067
D3DB5016-8574-4685-ABDC-3968A00C0F59	32.586784	-97.153473
d3dd5d66-b4c0-46dd-8593-6ff2e6752ed8	32.834087	-96.925621
d3e594ec-7b55-4d7c-8a3e-28323d741b16	32.806587	-96.812477
d3e91645-5f26-47d2-8257-cc4b05935fc9	32.846848	-96.596703
d3ec1f94-7355-477a-829a-b1235dbc3d23	32.914902	-96.869499
d3ecdf3f-4fe2-467a-916c-f72b91b54001	32.962532	-96.89917
d3f01617-77af-4e67-a9b3-f9e260a3b48b	33.004307	-96.852234
D3F3F256-5160-40DD-99CD-C0B678287604	32.73214	-96.44772
D40A4DC8-49BF-4648-8FDB-8880DB39B013	32.485035	-94.388481
d40a65e4-6668-4773-a09d-3ad731798cb5	32.936478	-96.81665
D41EBD1E-1E16-4268-AC99-BC3385F61136	32.963	-96.8842
d420b8bf-4408-4860-8d9a-f484d5794c9f	32.783096	-96.8067
D42FBFCB-48C0-4245-90DB-43349C1E0091	32.982151	-96.91008
d453d79f-71e6-4a2c-8d6d-1c2f3f9e9126	32.998898	-96.854202
D46AD38B-4B4F-4287-8B27-166BDE474648	32.795082	-96.80254
d470dc65-4626-41bd-a514-509abbd46b9e	32.99099	-96.840088
d4ae37da-82cf-48fc-8453-b95512a7b371	32.561764	-96.840721
D4CDB062-C0E1-4738-AEBE-0722DAD55F33	32.6334	-97.1486
d4d2b736-8af2-4a78-9a21-cb3ac107c2ea	32.704887	-96.586327
d4fce9c3-0145-45d3-bf87-9de52740068f	32.917789	-96.715858
D5099088-FE08-436B-BCBD-BD1FC0617E76	32.821247	-97.106873
d50b6025-d35a-44e2-92e7-231424d02e71	29.405405	-98.490593
d5279b7a-abd0-4e97-bac8-15333670face	32.912701	-97.12204
D535F413-917E-45E2-8CC4-E062A335C0D0	33.028217	-96.851143
d542674e-d7b8-4988-b4f7-8028e20dbdf1	32.7875	-96.7998
D5449BAA-E9B3-45B1-B931-9B5077E16EFE	32.965412	-96.822495
d5501a86-54dc-404d-b2ae-a603c82a6fe7	32.989037	-96.898796
d559a523-aaaf-44af-b574-27ddcf10b887	32.67894	-97.006073
d567c504-3339-496b-b6e4-81946c532438	32.999889	-96.6604
D579AB97-92FD-40F6-9191-6488AE9D484C	32.737106	-96.9055
d5882203-b94b-458f-a016-9c89ca79e044	30.288288	-97.737724
d5b0e545-203c-4cab-ba4d-9c8bb1ce5d27	32.938469	-96.809502
D5B2F0FD-B3E5-46FA-B81C-8F2C876D78DB	32.783096	-96.8067
d5c9c741-da73-46fb-96a5-782b3658a596	32.773914	-96.59922
D5DAE9C7-93D4-49BD-B1B7-EAEF3D28DBA3	33.019447	-96.76931
d5df05f1-b089-498b-a16d-1ec9e6d704a8	32.747101	-96.650627
D5FB498F-5462-4015-BDCF-69E8468AD0FB	32.961807	-96.8292
d61c685c-ffd8-4e24-a140-9d0dc4cefa7f	32.9315	-96.7954
D61F21C4-7A14-4FFD-8389-F0ECCBC483F9	32.812275	-96.874352
d6246e31-e197-44d2-a532-3a1e38012693	32.599663	-96.941071
d626f124-556d-412c-9bee-3fb8b529455e	32.878979	-96.680511
d628aa32-7fa9-4735-ab9c-e4b0e6b90880	32.91399	-96.864685
D645FE36-97A0-4D13-B019-A6F1B5BDD0AD	32.885738	-96.885361
d64dbf30-1314-495f-b763-2f6fdac076b1	32.961647	-96.822868
d666eaaf-e5ab-48e1-97c7-54ba24b8ba07	32.783096	-96.8067
d6787a45-549d-4c6c-8362-65952be25407	32.720722	-96.86676
d68aa3ed-508b-4d58-9eb4-28a5a9fc7614	32.783096	-96.8067
d6aacc3b-de34-4371-ac2c-c51694a709ee	32.935051	-96.809464
d6bb547c-bde3-406b-b311-48eb3a132fde	33.040497	-96.873566
d6c23cf5-ed81-4b5c-9a24-beb74ecfc40a	32.66536	-96.981331
D6E4421C-1351-4032-91E3-775A8656242F	33.007359	-96.856438
d6e8f242-4889-4520-a569-04b098d07ca4	32.810253	-96.810379
d70617da-06ae-43fc-bd60-6d3215bab9fc	32.742939	-96.990967
d723a60d-27f1-4d51-a9cb-23210a313247	32.6158	-97.3941
d737925c-873e-47a0-959e-ec3631d588a9	32.803162	-96.832878
d73af6b1-db8c-4ba4-a8eb-8082ba7676e3	32.518711	-97.350075
D75CF889-721C-4871-9E06-CFA3987DF57D	32.975056	-96.775238
d773f8d4-94a6-4fea-930b-7e0f1c6a02c4	32.589905	-96.8569
D77EB32E-B4FA-469B-9D41-D4B6B65E6E4E	32.647751	-96.943321
d77f35c3-3211-43b8-9ddb-77f6d9e43155	32.783096	-96.8067
d793b898-50f9-46b2-b211-0f0483dc4567	32.695713	-96.990189
D7B1F297-0401-4D77-AB85-3BECFF20C1E3	32.827232	-96.63131
d7be39fe-0bcf-42b6-926c-f7634610fb54	32.783096	-96.8067
D7BF9DC1-68D2-467D-B6EC-DA4A4486A3C8	30.140673	-92.064606
D7EFEDE8-64ED-4FB8-8D9E-4D904823BEB9	33.003494	-96.900002
d7f2f8e5-694b-4f01-8d45-aa2b8597a984	32.813995	-96.9489
D806A2AB-C860-4F48-A280-306BD366C935	32.743477	-96.657486
d8106c74-d1a3-4110-9e37-36ee2ca7743c	32.95557	-96.790772
d834764d-951a-44f8-95f0-6d587a8d6879	32.687424	-97.014786
D8438793-A725-4FFD-971E-53CA52C8DEF6	32.576321	-96.863762
d85589f1-bc8a-4c1c-adee-6f3d66a2f64b	32.589905	-96.8569
d85984c1-16a7-4ade-99ac-3b4812cf1e7d	32.75182	-97.328583
d85dcb14-4ac3-4b3e-a01d-e6c7a1297f1c	32.591663	-96.821983
d871033e-50d4-4233-932f-a67d4725cc45	32.893929	-96.77298
d8b50a2e-6136-4226-98d7-9baef083b084	29.763306	-95.3633
d8bed1a3-2151-4c58-a577-271873fa5141	32.82248	-96.869026
d8f2c34a-eb95-4f4a-9b9b-28f25efd44d0	33.040081	-96.82827
d8fb9420-1b5b-41b7-a05d-f3a0ae2afc6e	32.671951	-97.115593
d90ad3db-e28f-415f-90ed-a5830836229e	32.69479	-96.425201
D91B08AF-2F02-4178-9732-8F00C3956AEE	32.944813	-96.888863
D91FC2E3-F1F1-4908-8EE9-C0136C506B38	32.952515	-96.856735
d965bccf-7e0a-4760-96ad-61364bd3a226	32.909924	-96.599983
d9814b6f-c94f-48c1-b2dd-30aece4d47b9	32.618755	-96.857208
d98502e8-9b90-48fe-bb2c-a284505060b0	32.797874	-96.996872
d98d261c-dba9-4065-a388-740a509f170d	32.746288	-97.028458
d9994918-0d3f-483c-8ef1-878c5322d75f	32.606003	-96.782707
D99F9123-967B-4A39-8FD0-CA2BD74EF0D6	32.589596	-96.824158
d9a2f78c-ad36-4f36-80bb-6f812b4bec37	32.951294	-96.7154
d9a5acfd-1a07-4b4c-9bbd-372f2c211dd9	32.783096	-96.8067
d9a66330-7962-4251-a54a-fff524d60294	32.684685	-96.827652
d9b66141-7459-47f3-ac5f-954b4de47430	30.642014	-96.353867
d9bbec4c-1a1e-480d-a475-e68a931297bf	32.860241	-96.646172
D9BE1A26-158D-4023-9706-8D59CD349C20	30.691837	-95.54813
d9e42026-a645-4523-948c-388ab7a9a727	32.735703	-97.1081
d9e7c202-3a41-4382-ba2a-950fad1f0df1	33.000023	-96.88625
d9eb093d-ac2a-44d9-935a-2ae07b2a15e0	32.781403	-97.0997
d9fbca64369ba6583a19cb1148a38239409e849e	32.80333	-96.83474
da0388d2-612b-428a-839a-1e68e4ca4907	32.589905	-96.8569
DA105D98-A25F-4586-BCAA-FE79C131E90D	32.584572	-96.897514
DA1961B4-F4A7-4E1C-9848-07238D1159F1	33.018555	-96.699242
da22bd03-b173-4079-b13f-55654cde87c6	32.950935	-96.852661
da397da1-33b4-493b-b401-251e9044478b	32.984741	-96.700859
da3bc1839e4ce2ad	32.909237	-96.76266
da61fe8e-f945-4eb4-a5d8-67188dceeb12	32.729912	-96.470474
DA66ED01-D5C7-4877-B915-0107A3D59D06	33.003494	-96.900002
da6f979c-318d-4285-899b-72144c974941	32.927898	-96.820381
da6f9dc9-d06d-4153-9610-fbdf72724a2d	32.589905	-96.8569
da9ad831-e49d-491c-a3a8-12b19ccb231e	32.834316	-96.92923
daa30b63-b161-43d4-a183-2d4c6c96b40a	32.954956	-96.693222
dab3422b-40b1-43fd-be50-ca20148bf4fa	32.767303	-96.7776
DAC489CF-9BC8-4798-8EE3-B65B6AD917DD	32.950485	-96.879013
dada7248-6198-41e3-a585-1ac7dec0d3ca	32.777245	-96.812111
DAE10E81-1F83-43EA-816F-5C5F72D585BE	32.950493	-96.822853
daf763d4-9c81-4621-822e-4ed0c24fb420	33.004707	-96.824219
db08d1dd-ebb1-4c41-bb69-bec2af77c643	32.98632	-96.771332
db0bcfa0-873c-4050-9059-b3601e7d0279	30.270269	-97.740646
DB1A5395-BAE3-4D08-A54A-887C1335E7BA	32.718002	-96.895042
DB2AEB17-E839-4F64-99D1-B30D2942B7FC	32.683899	-97.005318
DB3902CE-20F3-4995-BFAC-423E44C59C63	32.971378	-96.864822
DB477DD4-B773-4902-9C5D-3543678DBCB2	32.954136	-96.818138
db4dea60-6b86-49c1-9bf6-5a60c4ce6191	33.024677	-96.774742
db50d38e-48f3-4f4a-8cfb-9bc3dbea75b3	32.704697	-96.734512
DB7D1621-1826-4593-8CC3-998891659FFC	32.914486	-96.67013
DB85368E-B935-472E-B630-EA04BA4F30CE	32.932327	-96.842781
db8d5242-ae66-48c4-9fdc-3a491a3c5847	32.953087	-96.825188
db8f9d18-82b7-4088-b348-34584d2bfb14	32.783096	-96.8067
dba23d09c33a9bfd117d16a6cb8ffe1e5da5f5f1	29.729397	-95.828926
DBC3544C-C7DC-4090-BDD1-4B2E837EF7C2	32.965424	-96.749199
dbdcb7ae-ba82-49a7-8807-24cd730749b4	32.969261	-96.823891
dc18a5a3-b7c0-433f-a9cf-2c5f2267fd46	32.81984	-96.78449
DC2628F0-E13E-4167-BDEA-483C8F39F545	32.867603	-96.85241
dc334b88-1948-466b-a088-c908714c63ba	32.930401	-96.907204
dc3c1de4-2b75-41f1-8dfa-4a71f5a244e4	32.923439	-96.880157
dc466eb1-de33-42bb-abcf-489eb8a1e45a	32.783096	-96.8067
dc55cc0c-397f-4559-9b0a-40751b9f9d49	32.72889	-96.828285
dc590f99-7725-49aa-b306-3a691647cadd	32.676071	-97.420242
dc5a4da3-79f6-4d70-b181-4ab3a5a5ec90	32.826489	-96.674637
dc64ad9562f187dd	32.9299	-96.8353
dc7e2c14-56ac-4d87-ad3a-ce3ce50237d6	32.948749	-96.823639
dc80482a-b650-4299-981d-3f6d51f78cf8	32.74728	-96.81369
DC86DACE-331C-4FD6-8202-96B1B9EDD8BB	32.9478	-96.8915
dc8cc342-1ea6-4278-9b4c-72110a5b2532	32.735703	-97.1081
dcd30442224d603516d2d5264ffa61c087b0d19b	32.801823	-96.806549
dd005d37-e525-44ca-8eec-cb97974b11ca	32.707237	-96.59403
dd23ead1-1ac4-42dc-83df-360f4f1cf116	33.026295	-96.837807
DD279D37-59DA-4459-8B84-872C803EEDAA	29.727131	-95.52076
DD2B5E9E-35AE-4DB5-AB97-520FD38F84F2	32.759514	-96.773949
dd328355-a1b6-4a88-b8be-d8f706a5c3f6	32.772976	-96.75985
dd3432ef-4049-4124-8140-3e8779d6a065	32.87672	-96.688187
dd38d1e9-6c66-4482-9555-09ded1bd2d4f	32.990799	-96.885963
DD49CDF1-70E8-428E-88EE-9C6447E03267	30.284065	-97.746597
DD4FFA22-3790-496A-99F1-FE63B421EC2D	31.3417	-94.718262
dd51dbb7-e979-43b7-ab5b-f2160d8577ea	32.947998	-96.8132
DD551244-EBAC-440C-9F5A-DB7E197B68B9	32.916073	-97.034638
DD807814-0540-4137-B3BA-C5D01371E118	32.659752	-96.901817
DD812C75-24DA-4C6C-993C-E2DC6B8B4991	32.69411	-97.055626
dd814bda-edb6-4a9e-a030-fe7216f8846e	32.982838	-96.87767
dd8b4020-3d73-4ec6-bdaf-59ca9c8c90ff	32.69401	-96.790375
DDA45AA2-E0E6-45D8-BD5F-C4852A185A15	32.862099	-96.593712
ddb11fda-4ce5-4f54-a6fa-cb8c1fa19e7d	32.936935	-96.888199
ddb37c0a-2df8-4a96-9453-b932e49af880	32.936935	-96.823799
ddc7c2f1-fb7a-44da-a797-ea82bb90fca3	32.96954	-96.991753
ddd093a9-878d-4321-9d25-f4692b0d2cd8	32.803127	-96.812851
ddea5040-468a-4da9-9bc3-230b05c7291f	32.786522	-96.598045
de0c6347-2729-4957-aafc-616df75100b7	32.969296	-96.87931
DE3663C7-F88D-4216-9AB6-4A16350D9007	32.92167	-96.72966
de47c68c-9e9c-4eac-b1f6-5e6ab42e50d6	32.833763	-96.961914
DE4808D1-3553-42BD-9FE1-B8830F465533	31.804018	-102.43886
DE91AD1A-A34C-42D6-82E1-2905C39E5D67	32.67384	-95.72779
dea2e7e4-232a-45e1-95db-9a13a4667dba	32.783096	-96.8067
DED789AD-4C50-400D-ACDA-6D3B909C47C0	32.782612	-96.800263
deda122d-c529-47de-8d9f-b0e0bedf6440	32.954956	-96.907951
dedd0786-b0f0-46c6-a2a2-5c4c5cb3c541	33.034103	-96.8705
def77bad-3d70-4a39-ae52-07623d419123	32.756203	-97.184547
df0b3e5a-c4d9-4576-ac30-10be8dd3ff32	32.683559	-96.448074
df0bbffc-ed6b-4b48-bc8d-61cc951d85a1	33.007103	-96.823761
df0e0273-ee10-4235-93ca-8184fae2efd6	32.808781	-96.940765
df33f272-b517-4ccf-a035-e4f90bbf8583	32.922161	-97.29258
df3a119a-ee65-4aa1-a3d8-fd4906619ebe	32.865395	-96.684303
df410ac5-fa3a-402d-b8bc-074077102e05	32.871399	-96.715096
df9838a0-bd6c-4377-aadb-be2c514d2867	32.938793	-96.900917
DFAC84A3-3682-4A23-9DFB-76F3BCCC430D	32.783096	-96.8067
DFB841CD-CD1F-4850-B0C4-E0EFBCD9CEC1	30.613098	-96.3217
DFC6AA16-947A-4483-9E5A-1077152BFCE3	32.940437	-96.838242
dfd4bb40-d7c5-468d-9042-22cd13a0bc94	32.768032	-96.806084
dfdc50d0-7dfd-43f2-aa0d-481619b03bf3	32.701538	-96.825966
dfe6d60c-5cc3-46f2-a91d-729a73077562	32.59391	-96.81485
DFE77FBF-45F3-47F2-83A7-BE96E32311A3	32.637852	-97.112854
dffb6d98-80d9-4bcd-a853-3488318e242b	32.691799	-96.55127
DFFBBA4A-EB09-43DD-BA5D-7801F04070BE	32.805103	-96.994865
E01B49F3-8BC6-4B18-A8DD-0CAA98AAC9EF	32.783096	-96.8067
e048ac76-e51c-4048-ae58-3a2fa9805931	32.720722	-96.5241
E0614399-6DAC-455D-8822-A4B08BD147F7	32.808914	-96.808411
e0652efb-7ed6-4e91-b6bc-5c9d0f2e82d8	32.767303	-96.6247
E0678B61-765F-4A7D-B444-EEDAB5775533	32.940083	-96.751442
e079e489-fb31-4b8f-8cfb-9fd45ef27922	32.985279	-96.894974
e0804136-90be-4fe4-98b9-b1d692ab6b51	32.783096	-96.8067
e08b3c2f-d1f8-436a-a3d2-331add825542	33.00901	-96.773926
e0964b2b4cb1e238	32.658295	-96.8397
E0A31465-ED0A-463E-BDFC-B30E51D7A4A1	32.62796	-97.069405
e0b814d2-0d75-494d-86eb-68ed0f79a232	32.595512	-97.147926
e0d47f1b-faba-47db-991a-72f94d3b19da	32.783665	-96.79731
e0d59530-10aa-4fe1-9053-8ca10a5d1d72	32.99802	-96.828735
e10119a744ac881fcc0f0b81dce41d81caa0ef5f	32.972973	-96.906235
e10530fd-7640-49ce-954b-ad37afef2ee1	32.674881	-97.012825
e1126b4d-a970-4805-8fbe-e0343b14cd0a	32.746918	-96.606751
e11ea5f3-c3c0-4a96-b373-519601e6c506	32.72694	-96.803757
e122e9a3-c9ca-4bbf-ace6-2e7fec8b4262	32.72134	-97.145096
e1293518-5fdd-4d4f-a6af-b836d2a95d35	32.451904	-94.6414
e1331f78-1f72-42b9-bfa5-a06bd37938b1	32.832501	-96.922058
e1580e13-3c5a-439a-8560-e40257fd6f95	32.7875	-96.7998
E17600B3-4603-4A74-B0D2-BE9235ACA661	25.775604	-80.188576
e187eb63-1a9e-49cf-a571-ef18a01a6a1a	32.81081	-97.243538
e196e357-b836-46cd-8d2c-738fb17d585c	32.814339	-96.635452
e1a60919-32ac-4b28-bb62-4d2ed50e6ad9	32.783096	-96.8067
E1B4D3CC-7EA2-43BE-AE81-CA59366FDA7B	31.798872	-106.32231
e1d733406d53b874c952826e3d9e260444983986	32.962795	-96.823502
e1e03395-c44d-4fab-9670-ebc6539a9555	32.924297	-96.85563
e1f8c391-2919-45d7-bbeb-7a690e6f1129	32.697468	-96.824379
e1fe848f-3cf7-4931-acdc-491276cdaef9	32.783096	-96.8067
e2010798-e675-4c7c-b429-3e217e4d76d0	32.962563	-96.69165
e22f1aa1-7e68-4ca3-9880-eb6af61b8b83	32.722572	-97.051765
e259801b-6f65-447f-8e99-198c9a7a8651	32.8391	-96.676002
e276512b-dc10-41bd-ab51-2641cf4bc2e3	32.95149	-96.86099
E28CF942-04EA-43E8-BD54-581851F4D490	33.001694	-96.8441
e2903ed9-7571-4c3f-b817-d622403811fd	32.805748	-96.685944
e29a29a2-dc45-4980-bcad-7fcc1645089d	32.933338	-96.807037
e2b04634-de44-4566-b633-0fbcdbb3b0ce	32.757645	-96.655678
e2b42373-7bcd-4a94-aff3-fb597017621b	32.900902	-96.848763
e2d51c7f-5bb2-4305-8daf-c592281cbc94	32.912865	-96.856293
e2e15329-8615-44b0-a7ae-17e0b86143d7	32.962456	-96.823418
e2f2f3ff-9ab3-44e3-8b09-42949d72d442	30.288288	-97.737724
e2fdace4-4cdc-44f2-87ca-484577240388	32.533657	-96.823257
e2fe8cbb-d17d-4e3f-89bc-6580b8cfebe6	32.810127	-96.834785
e30fe9e8-a00d-464a-ba19-e6e5465c6aab	32.911621	-97.133156
e3310dc8-a0ca-4995-a2da-ecc66ca47542	32.689854	-97.191338
e347a5f4-dbb7-4da9-8a19-6d760f6ff336	32.796593	-96.625168
E3736504-7B8D-470D-A845-E7BF5A4C4B86	32.929455	-96.82522
e37e7fa7-2bd3-40e8-a077-b69991822a7a	32.98039	-96.755844
E380D2E0-17F4-455E-9BD9-B04E76010B84	32.889862	-96.850815
e3943311-e9a0-470f-82ea-4dfe21305220	31.693693	-96.477951
e3abf4f6-2f82-4140-bbff-a4a3a689a268	32.815395	-96.871094
E3C2C179-1AC8-4738-8907-7AAE4FD3DB59	32.783146	-96.791084
e3cdd025-fac1-4989-836d-0c6edfad3599	32.936706	-96.709541
e3d4d484-77bd-4fc0-80a4-af7e19892e55	32.996223	-96.909965
e3d92f89-5888-48b2-9aea-5e9eb969ec18	32.988266	-96.937843
e3e42087-c678-4f7a-9b82-bd095691ff13	32.811512	-96.669167
e3e965a9-3218-4e9c-b27c-dbd6af81317e	32.9315	-96.7954
e3ef5855-591b-4f31-8c3a-c4d0c6703e23	32.900902	-97.2565
e3ffce08-8099-4cc6-bae5-76b7ee737e4e	32.961807	-96.8292
e418dbd0-f5b6-41e8-952d-b86ea9cfb403	32.857746	-96.624489
e419fbf8-03cc-4c41-862d-7589bf24e2d0	32.64801	-96.862839
E42A3F8C-43E4-41C4-890A-AE9ABAC57C1B	32.879593	-96.7043
e42ea8a3-7a78-4701-aad5-4acd297013af	32.783096	-96.8067
e434cf60-40d8-40d4-9ee4-9b6623201181	33.000626	-96.772392
e447fbfa-eeb1-418b-9d0e-6ce82e86ad30	32.825394	-96.6831
e46c093f-2116-4e75-ab6b-0eee5128bb58	32.972973	-96.86328
E46E34FC-A39D-438C-843F-8A9438C43EBA	32.795826	-96.796867
e4704062-b52a-4b97-97fd-daef5f97d0f9	29.900698	-95.595154
e48c5d3b-1b96-489e-981d-2250e1b03a8a	28.311996	-81.589
e4995d07-b147-4fd3-a87d-0f2cb221c998	32.62596	-96.69662
e4a28af2-fb7c-49c1-a295-581fa3871edb	32.801895	-96.7883
e4a97868-62e7-47a1-9eb2-f9a2e0a93bfd	32.691074	-96.850578
E4AF421C-D25E-4B80-ACF8-3E661CB9DAEE	33.020989	-96.915169
E4B0F324-D6AE-42A5-9846-E1D73FE8826F	32.79075	-96.79779
e4c114a7-57cc-4d1c-a491-4f5769d79f3f	33.011177	-96.820312
E4C1A3D1-6D4A-4A14-9B96-E61A1C755C20	32.98342	-96.90586
e4cbde4a-bed7-44ce-b340-20002bbad9d4	32.86425	-96.648758
E4DD722E-60F6-44A2-A238-7CC4FACBFC96	32.944035	-96.822662
e4fdc60b-595a-418a-acec-489e0cc10d41	33.00901	-96.838379
e500fbea-9afd-4f50-b6dc-8d5ed466b648	29.70328	-95.491127
e5056e5d-a80e-45af-bdbf-885069633ffb	32.587475	-96.82225
e5078f5f-a406-42a8-8525-2f4ae86fae70	32.658382	-96.887932
e511130c-b713-4eef-9a83-7bf3d4f62c57	32.69064	-97.11499
e514952d-29c5-41f0-84d5-a17c0ed7f343	33.001568	-96.767891
E519B0F4-2CF0-45E0-A304-4115C45FFB1D	32.993984	-96.84693
e5309f0c-3556-42da-a666-b88d02692912	32.935806	-96.7853
E551489F-D11C-4577-813A-B4B805E84DF4	32.783005	-96.7762
e55e9747b5f95351	32.658295	-96.8397
e5695491-6e54-441d-8bcb-6918c96f3a0e	32.713257	-97.382194
e5a95c01-715b-4fc3-8776-4b19b8cb0183	32.78878	-96.804161
E5DA6736-0A24-4059-A245-146C4FE31B85	32.969109	-96.775635
e5e209c5-8470-48d5-b9bf-b7fd9a526120	32.783096	-96.8067
e5f5a134-c5b4-4b0d-8e49-37601e58f14c	32.879326	-96.890785
E602BACF-9F44-4529-A1B8-64F3299E5C23	32.590168	-96.824341
E603BDBB-8034-4668-AD50-C497350B6DFB	32.942425	-96.813278
e60a9128-d16b-463a-9ef6-45e5854fbae9	32.347893	-97.394714
e61619b4-ec8e-4ea3-a361-3684e677f1eb	32.9722	-96.7376
e61d5407-549e-43bc-9330-8ee753b4f682	32.926079	-97.064018
e620fa87-fd50-4efb-8832-92cfcff72dd2	32.961807	-96.8292
e634dee2-9f63-4f2a-82a5-c14f8addd4d8	32.99099	-96.883057
e6360b22-9da9-4b41-96a2-116f6ef6c012	32.954956	-96.82206
e66c2d01-eb62-4835-b62a-cf68271f4e66	32.936935	-96.523231
E67278F7-74CC-41AD-A207-A289B9E845CE	32.985149	-96.746887
e68b2355-aa36-4e11-90b0-c920b963c3b7	33.000172	-96.888512
e6ab6c5e-608c-444b-a630-0407c82091f3	33.000633	-96.75428
e6b591e6-1673-41fb-8d15-64b14b1a959c	32.947998	-96.8132
e6c55d43-2cf3-49fa-b2f2-ecf636c1d1c3	32.81081	-96.814774
e6c8d225-39bc-4ab9-b588-a197bd28c091	32.783096	-96.8067
e6dc8116-0e8f-4090-9166-2e2bec98c3a5	32.916988	-97.040932
e6e33938-e4c6-4d70-a590-fa7eff4b481b	33.010349	-96.859116
e6ed584e-665d-4839-b5b2-8dacb4f0f0a8	32.985149	-96.829742
E6EFE9CA-ADD2-41EB-BC25-0683AFAD43BE	32.971626	-96.767532
e6f17fc2-4af5-4f38-a440-bfc7df64d408	32.713928	-96.851883
E70AE4D5-1CC8-42E2-9952-825410E157E9	32.98471	-96.90909
e764e5b754b80fbc96df0fbf401fab801b097bc9	33.008629	-96.88987
e76b3f54-d5c4-424c-986d-15c05a454c0d	32.540539	-96.821533
e77558f818b4abba7dcce7e3c9ad963717eccd60	32.65845	-97.42048
e7867356-89c3-4604-a693-baa449ba260c	30.28237	-97.735969
e7ddf361-cc05-4fca-98d3-3ccc5bfc861d	32.819511	-96.83979
E7FC20E5-0417-4D7B-9E8E-955D1D074FC7	32.924602	-96.768578
e7ffa354-aa3d-45be-890f-324d7b076a13	32.758221	-96.573441
E806B948-7B60-40F9-B670-D7C1D2230C6F	32.86293	-97.002678
e810e83692cf0ae4	32.531677	-96.82326
e8293fb6-0aef-4212-bdae-76363102decc	32.716885	-96.54747
E82D81F7-FCB5-4605-9C2E-491FF23811A1	32.806774	-96.84045
E8309F56-E799-4939-8594-CA35BF7D7980	32.839706	-96.845787
E8493EC5-B1D9-4FAA-9967-B3C25D7B0B08	32.879845	-96.770256
E86476C5-7A9D-4CFE-B19B-17ED4650D824	32.950207	-96.655182
e86a3a4a-4938-4246-b502-ac1b64eb35b3	32.65623	-96.750046
e875864c-7a83-473c-9e63-19e3080db161	32.982376	-96.843185
e8815942-1431-4749-8f3e-74955c2f84a0	32.922878	-96.81279
E88301C8-8EF3-4A22-8F09-090CED9A8284	32.659244	-97.138763
e88b0034-c87c-4857-8cb7-4474a6fa2b78	32.817051	-96.811699
e894de65-c382-4fe0-ab3a-7b0da74cdb70	32.703609	-117.15854
E89DE02D-2C95-4FE7-BAEF-FFCCFB55BB20	32.863934	-96.67149
e8a817a5-753e-43d5-a5aa-d54097153ab6	33.001259	-96.964897
e8c69242-141d-4ee7-80f9-9731222dc4fd	32.738739	-96.779244
E8CE43FF-96A1-4C09-8C3B-CB8F79EA7BB2	32.9599	-96.8362
e8fafd5a-b556-4ef0-8188-8aac65f1b7c2	32.975567	-96.733566
e910ac36-a5c8-4f65-ac9c-a1bf95be3168	32.712162	-96.836441
e9236409-32a1-484b-b9c3-7e73fb0e222e	32.395466	-93.808189
e938fa8b-ea6e-443e-9356-cec68950ec14	32.890503	-96.65619
e93a9d9c-4529-412a-8b0c-38bf48c0b056	32.930389	-96.883728
e93c7df9-3e9b-4b17-bc6d-4d947a08ead9	32.377422	-96.647629
e93fe514-3d33-4542-aea0-dc3035c1027e	32.730297	-96.878693
E9538C8D-8B62-450D-AE2F-5DECE993875C	32.796776	-96.782082
e9622790-10cd-468e-b947-ae366865998b	32.875408	-96.566925
E97D45A0-FD0A-4DEF-A88B-B1CE65FC5619	32.815357	-96.810097
E97FFDF5-693B-4E8F-B017-C9EBEA1C0B0B	32.953571	-96.905975
E9860C75-263D-49BD-85EC-075A6DDE6AD6	32.783096	-96.8067
E98999C1-9D15-4BBD-91C3-86958185CAE3	32.434052	-97.781326
E9961CE5-CB42-42E9-8A29-9694AAF638AC	32.743202	-97.28788
E999CF34-DF66-42A8-9D27-0062EAEFB16D	33.000031	-96.729919
e9a27612-904e-4cba-b936-d283f136918c	32.783096	-96.8067
E9A2B146-B95C-48DD-8EC2-D8F1AFDB61ED	32.810833	-96.791824
e9aad3b0-06ee-4190-9635-23d733258120	32.93054	-96.76924
e9b24c99b59313c762cb52c4e553ea97cf908386	32.953861	-96.856171
e9b7eead-1eb3-40c1-93ac-c8868a084f19	33.001694	-96.8441
ea0daf3521a73f1e94f58196cfa80744e10648bd	30.534334	-97.69442
EA1F507F-98E1-474D-A7E1-3C1DF34FBC9D	32.785427	-96.78825
ea4310fd-9d6d-40d2-8f83-a92ac2e28c8e	32.783096	-96.8067
EA6F6F70-7722-46A7-8AFE-B31513760744	32.803921	-96.812515
EA87F216-77EF-4D60-8F71-5469F75A0F0B	32.805622	-96.792503
EA8FD77D-F97A-4F16-81FD-EE1CD62C0637	31.2921	-92.4614
ea9e688f-9b15-4606-a2ae-c9e090e7b9f0	32.950718	-97.066864
eab372d1-7c1c-4882-8d2f-00c3d245425d	32.988491	-96.75734
EAB59592-DE52-45B8-80F9-1B1BFD3BB891	32.76197	-97.028854
eab870f4-f51f-4dad-81d5-c1860740de9a	32.459141	-96.841499
EAC7FBB0-F9F9-4094-A0D1-1E6236CB2F58	33.003494	-96.900002
eae8a25e-e2b6-4705-a74c-fda718406eb8	29.495495	-94.976097
eb1394ca-66ea-4fff-9567-dc057826e659	32.84787	-97.178825
eb3d73e5-9aca-4741-85c3-c0d34b43c59b	29.640612	-95.609558
EB584E49-B8C6-472C-84E3-DF1A8D15203F	32.810787	-96.81014
eb63047c-7b17-4284-bc43-c470aa17959c	32.840958	-96.711105
eb800cf5-306e-4a77-af3c-42f36dd38bb3	32.949669	-96.807495
eb9d247e-ead3-4531-b1f2-13aeeec583fe	32.986919	-96.707771
eb9f224d-6d37-4312-b304-27786e0bd002	32.930275	-96.8195
EBC11533-4481-47C8-9AF1-744E0135AA78	33.020298	-96.763641
ebcffca3-851d-4cdd-9131-58dd0780f059	32.941479	-96.735512
ebdc0e41-88b2-45df-ae58-477f1794d9aa	32.926743	-96.824318
ebe26356-c131-4dd1-ad59-b018f458f057	31.109827	-97.35582
EC1F4339-107E-4E22-BC38-A2C3F06EBB35	32.96746	-96.720955
EC33FB28-5ED1-4FBA-B1C4-865E4686239E	32.771152	-96.800331
ec450ce3-9935-4690-87ff-3b314aba69f5	32.981674	-96.900925
ecbac83b-1bd0-4034-bc51-5b1e1c88cfcc	32.783096	-96.8067
ecd19d60-6676-4a25-97e3-e906d1ded12a	32.733349	-97.401955
ECDA6EA9-D41B-4954-93E3-4EC7DB05199F	32.998665	-96.770149
ecee1e25-1490-4d43-990a-eb2aa338cd38	32.6606	-97.0249
ecf29970-4c53-4e58-98bb-ee65a15c4b91	32.7875	-96.7998
ECF4E93B-7609-473A-BF7A-7CBC88606C25	32.938454	-97.102531
ed01caed-0bb6-4186-9ce5-9e63fc96c384	32.797653	-96.922996
ED0898D8-7035-4DC4-98B8-3B22B1271E0B	32.807186	-96.688904
ed2c7cc0-1da2-4b7e-bf3d-c25e4605bb41	32.832058	-97.208923
ed3024520a196636	25.780594	-80.1826
ed45306c-8be2-4933-9a54-39a060cabde0	32.589905	-96.8569
ED4D5C01-3404-4C16-B7F4-93D9ED35DEA1	32.414692	-91.191483
ed50545b-bada-4766-80a8-c531d4fd18a2	32.922436	-97.070816
ed578277-ace7-4d2b-9ada-9602923cc1c4	32.82883	-96.61999
ed6d4b99-0ca9-421c-b61d-b0d0b345622c	32.98711	-96.718689
ED70C572-B5C0-47F7-99AD-F092B4FA5086	32.783096	-96.8067
ed7b4fc6-b19e-4667-b761-6f5ec2069b77	32.574619	-96.778923
ED89A4C6-0A76-4202-A139-1A06CC2E99FA	33.003529	-96.831001
eda376ce-2fa8-4c7b-bbb1-68066e2847bf	30.167763	-96.87221
edc5f663-e2ce-4d08-8484-c670e5560a19	32.731266	-97.359802
edc9d1d6-eb28-4bd3-bfc2-e515219eda94	32.985745	-96.746674
EDDEF449-A546-4C0A-BC29-932219C9F1BC	32.785404	-96.796127
EDF1926E-D705-4A1F-9676-7CF38F6E1D2D	32.968002	-96.737961
EDF1C531-121F-42BC-BB43-034237CC52DE	33.039562	-96.831108
edf705d2-894e-41b1-9af2-7faaa75d5d83	32.69455	-97.054039
edfd2938-16e6-4998-84d9-3a3b34012d5d	32.655189	-97.125923
EE0828B3-CBA7-41BA-9ABC-8F5665C3F5F9	30.222431	-97.732231
ee0a349f-6ffb-4869-8547-6a88b9f0bf04	32.934296	-97.0781
EE415F46-1838-4717-AF04-94B82041396B	32.813789	-96.814735
ee4bbe9c-8bc5-4650-a6c5-2f5849ab70d9	32.728642	-96.918884
ee4f6d92-e83f-4611-9e46-384c2da9b9d9	32.783546	-96.785522
EE5C0C04-1077-45BC-87F7-190C11FDFA5D	32.51218	-96.984169
ee5ed340-8d4b-4645-a956-6aa28e1a3afe	32.936935	-96.845268
eea58d8e-9d27-49a9-8d2d-bc640bbec0ae	32.750271	-96.941536
EECE0280-DEA3-44B3-803E-16AE8E28CA31	32.80396	-96.799545
eeec2d87-06ad-4d0f-9497-b7512436286f	32.783096	-96.8067
EEFA644D-8762-4110-AF9D-B7D563B0FB0E	32.810844	-96.811295
eeff16f5-640f-455a-bff1-134b4b3ca23e	31.2921	-92.4614
ef052f617b4acb6b	32.968903	-96.7991
ef156fe7-743e-49b7-a079-453f1f9be969	29.452339	-98.635139
EF18B76F-ABAB-40EA-8665-353BF91B5EC0	32.804516	-96.83817
ef7e80eb-80c4-45f1-bdaa-8299593e10ff	32.858402	-96.88658
ef856ecd-3a81-4f2f-96ae-cdfee8b81146	33.035553	-96.786682
ef8ec9d640804cd2b5624c5a37b2414ca15c42b3	32.811073	-96.81775
efa97139-a231-49ac-a88f-96225db9f139	32.632294	-96.9125
efb02d44-8eb8-4b0a-a435-0c828f064fd2	32.972481	-96.745697
EFBC39B6-815F-496F-B369-3642A68DF282	33.04092	-96.844849
EFC314D6-7A5B-42CD-9422-2147CAA8C9EF	32.929016	-96.77597
efe5c5b3-361e-42d0-a2ef-5bd1520853ed	32.756756	-97.077347
efe61cf6-4b23-4fab-b281-379579050ac2	32.782135	-96.787933
EFF2B720-98B1-4BAF-B7AA-4DDC31AFB021	32.968903	-96.7991
efffbab7-85be-492c-93f3-f2b06df799e5	32.658882	-96.885414
EFFFDB4F-6CB7-4664-9C50-1E01F8E39CFB	32.556957	-97.104805
f00480d8-d567-434d-b2fa-c35628f9961d	33.021957	-96.886841
F01576F3-C59E-4B91-B0DF-9BBB560C1D4C	32.769497	-96.834755
f073c340-e078-43cf-b3c9-c936102f1bfd	32.7206	-96.856995
f07f5821-fccd-4fe9-9140-1a07ebe2dc05	32.816086	-96.949959
f07fa70a-f891-4337-9c46-184ef18132b5	32.738739	-97.100555
f097ee9c-7bad-4469-bf76-7a48ba599677	41.1449	-96.0458
F0AD26D7-65C4-4526-BA50-E05546F036E5	32.837147	-96.938377
f0b21ca3-9686-4ca3-af02-5d49fa730474	32.783096	-96.8067
f0bc935d-fa5c-4df3-96db-58a7350cee47	32.747971	-96.611534
f0c0900f-b749-4e9a-b4c8-3df566160802	32.96789	-96.78598
F0C441E2-2658-491C-AB36-7BCA7C17E2EE	32.783096	-96.8067
F101E1B1-D499-4FBF-8C5A-CF06EFEC8E0C	29.624102	-90.736961
F126F1A6-3EE1-45F1-BB8A-09F9B3ED982B	32.737106	-96.9055
f148f174-939d-41f7-bf45-1b5dd3e280b6	32.720653	-96.647621
f1564e17-bbb5-44c9-b3c2-5481edcf3a22	32.86	-97.2934
f1599178-beb4-421a-b4b7-eb9d231b232c	32.811996	-96.8143
f15c1deb-199d-4cb6-96a4-e0c6acb6bfff	32.961834	-96.737839
f16c246f-d76d-4dfb-abc9-836849eb6932	32.432434	-99.822044
F16E054A-663D-49F5-82D9-0D0F22CE14CE	33.003494	-96.900002
f187c84a-d875-4f43-a8d6-b58665546004	32.802219	-97.220489
F191B410-2332-481D-AB94-AE088F70D231	32.677406	-97.041946
F193B648-E346-401B-B1DA-4615212591D9	32.804634	-96.666351
f19576a2-6f9d-4e78-b18c-43b8dfa8dcfc	32.792793	-96.62368
F19BD09C-5663-4B1E-A4CB-B4FB68AAC1FE	32.968204	-96.918816
F1BEA002-E623-4603-914B-6F8797D9C691	32.831051	-97.063858
F1C334A3-FDC0-4B19-B8D7-49A730F022B6	32.997284	-96.843193
f1cc6e5c-e1db-4c60-9eed-c4691cf7856c	32.810074	-96.87352
F1D03E1A-7517-4136-9E2D-29D8893E47DF	32.733803	-97.067932
f1f192d6-b66a-4cf0-88c4-445ec2d46071	32.965008	-96.676369
F202EDEC-88FC-42BB-AE27-D43EB90E1783	32.619133	-96.889282
F219DB71-0462-4AE2-8ACF-170BC4068D26	32.781231	-96.765839
F21ED371-EDAB-49AD-AFC4-83306015DC8B	32.777771	-96.808342
f2251bb9-b875-4e23-bcf0-cdea7cde428b	32.650776	-96.864532
f23ebe89-d034-4452-acd1-23aaa16ad777	32.954956	-96.843529
f2472e32-4b6d-41bc-9e53-c80c61109271	32.87595	-96.7642
F248685D-3835-45E4-9415-C1CE923FE42F	32.763489	-96.667648
f24d1afe-d80c-4d39-ba47-4c0748b4b69f	32.840569	-96.774666
f25f3763-5f7b-41b0-8922-d6c88226c4cb	30.28237	-97.735969
f26a0468-e4d1-4fd8-8db6-8581740a392e	32.955956	-96.853844
f26b423c-ba3e-4f87-a51b-6f9265856d4d	32.968948	-96.71775
F27BB51E-84F1-46D2-851E-A2419469B072	32.705868	-96.892624
f2881928-513c-4087-8ec1-9e39758b8aaa	32.944492	-96.826561
F296E3D6-AC67-407B-84C6-174B1AF722AA	32.977833	-96.715866
F2A2A656-6C0C-41EE-B058-1D418F9E4B89	32.726456	-97.10617
f2aaea3e47181a5db947d5525b4dd6f75f3d9042	32.943398	-96.923065
F2AD967E-510F-471A-9306-D33AA8253575	32.925701	-96.804398
f2ba7f90-d8a7-4f91-932b-c9cb5238291b	32.864948	-96.936981
f2bac144-9b2a-4e87-8a0f-c8521cfc48df	32.956825	-96.821144
f2d061de-0cfc-4056-b0b8-5cf11cdbf2fd	31.950329	-97.111938
f2f7c436-b8d6-43d1-80bc-4c6bb07725ff	32.815906	-96.874161
F30A0C0D-D82A-43F1-B773-8AAA53CB3647	33.001854	-96.90316
f3139249-53f6-4238-a6b8-5e7e7f1f7e12	32.616917	-96.860146
F33B297B-8CB5-484C-B02C-1E18E18BF028	32.907803	-96.915901
f343c580-3eb9-4b33-bc94-b5e18b9c49dc	32.661465	-97.417709
f348161c-6eee-4410-aaed-c50aae78b426	32.804985	-96.670486
F36A0C43-B79E-435C-B1FA-FF8825F8E9E4	32.80246	-96.801048
f3703270-5ea9-48df-807e-793adfa98cb9	32.64801	-96.8594
F3852171-33B0-4493-9173-26A7816B296D	32.735703	-97.1081
f38a06a7-8a0f-4c97-a937-9559fdd3d972	32.843296	-96.898788
F39685F6-119B-4F82-BDEA-8B99F24C6313	33.002937	-96.81773
F39A1EDC-0692-494D-9789-4BBD7B962B0D	29.763306	-95.3633
f39e49ad-e2d9-49c0-890f-b8cdf210a8d9	32.715496	-96.71073
F3A86787-E732-4828-8BB6-1B6C01847694	32.737106	-96.9055
f3b03878-6ce2-4692-b19a-6bca15cfca57	32.98484	-96.746864
F3B06259-3063-4550-88DE-50CA3153488A	29.763306	-95.3633
F3BD4077-44E1-444F-AE88-093669F615BA	32.633102	-97.268379
F3E0AEDA-2002-47AC-A8EF-0B2528363CE6	32.872276	-97.037697
f3f26fa4-3518-404f-b258-d40e003a2dc9	32.957401	-96.888298
f422055a-d62d-4659-beae-fb6993b39df0	32.659954	-97.015442
f435cd34-93bd-42d2-87b3-2f5cfa54d415	29.8339	-95.7276
f448104f-8f68-4372-8694-75dfc599c54f	32.916325	-96.813408
f44a22a7-6740-4633-aed3-332499a0bcef	32.759724	-97.300018
f44d1e3b-d57d-4ae7-8ef1-6bc4cb1fc7ca	32.783096	-96.8067
f46361e0-a45f-4f38-8c30-b62007ae2161	32.620605	-97.0909
F46D533D-4A61-496B-BD16-A9DC0B45226B	32.2883	-88.587997
f470eb61-a5ea-4c8c-9bc2-dd6e1a17c27f	32.863739	-96.898048
f478e19a-cc02-40c4-ada5-949233b7f9bf	32.651436	-96.860023
F4799833-3A4C-4145-8C10-2168DD548037	32.781986	-96.805557
F4853EEC-B92F-417A-9A0E-068D61321D93	32.968903	-96.799103
f4aff320-6c32-437c-abba-5b26225371b5	29.665709	-95.5205
F4CE11D1-CC1D-4414-8AA3-6F98E0D587BB	32.961864	-96.735413
f4ddec00-da09-427f-9318-2caf419e782f	30.401848	-95.48555
f4ed7136-728d-4a09-bc89-800ffff9ce90	32.859207	-97.0819
F5109F22-F47B-40FA-9B78-901B4A24807F	32.829334	-96.975815
F543CCEE-960E-40CB-B0FB-0A2B3A292A6D	32.783096	-96.8067
f5456aa9-88d8-4546-ad14-027d2a23ad61	32.940765	-96.883804
f54d93f9-d2b0-4052-b104-763ccaee3a43	32.974205	-96.849441
f56a2156-040c-4bc1-87c8-66696e33ea22	32.604698	-96.859108
F56A4898-8DE1-4CA3-B10B-7548978A3842	29.430464	-98.485596
f574447a-db9b-403a-9066-37b555dbf307	32.50808	-97.209724
F5813A95-72D4-4108-A5FA-873EC0EB70BC	32.89485	-97.04503
f5837a3f-3add-4791-9253-4c8251ca4b58	32.913444	-96.818062
f590835e-4b64-47f7-9655-b38ec93d6261	31.532425	-97.84956
f5982a11-e256-4073-9c3f-b39ffa4d9c3e	32.81247	-96.69903
f5a23f22-9d92-4363-a58a-b3a36d1537d7	32.850914	-96.81071
F5CE4662-D72D-488D-A150-37D95819AD26	32.924835	-97.089165
F5EC2E56-E800-4EB8-8A8B-6F663B8FC42E	32.748497	-96.667015
f60b6658-78b3-433f-8eb0-44b23c19c06d	32.783096	-96.8067
f60e091c-d215-43f5-845e-0b94a6b64e67	32.99099	-96.840088
f60ff84d-ff30-425c-b909-735d8005f641	32.677814	-97.150139
F637C293-8C29-408A-85B3-8C8B932396CC	32.7875	-96.7998
f686cb70-7af7-4ae5-8d18-8b65b925d4d3	32.783096	-96.8067
f689a892-8ec4-48ce-ad43-1d1898a40c34	32.194115	-96.473183
F6B67190-FC13-46D3-9B70-CC63362A789D	32.9412	-96.822983
f6bd7aeb-8e0d-4a2f-bed4-89ef4246e215	32.954956	-96.757637
f6cdf4d4-43b3-405a-8e94-9fc7dd6eb318	31.73617	-95.607681
f6dde748-5ae2-46d5-8e3e-39a845d9cd94	32.805691	-96.663734
F70E27ED-2B47-456C-A26C-C107EABD1E3C	32.909447	-96.752457
f71128b700c45ad9769998e88435e15d82e65407	32.90981	-96.84458
f717f611-7684-472e-b520-83376687e1dd	32.672989	-97.140816
F71D427B-F59B-4554-B348-27369878E44A	32.743553	-96.447952
f72b7ecd-c5d0-49f5-9cff-68620b67979a	32.942829	-96.815735
f7333d3962f268e3913336d1a7121ea8f4002a1d	32.919517	-96.790504
f73de1e5-4c5b-4e61-ba75-12fd47874bdd	32.936935	-96.759392
F773B82D-1888-48AF-A68B-43101517947F	33.011173	-96.82904
f788e52c-44a6-4f93-bcc6-00607edf4876	32.972973	-96.863281
F7944F12-13CE-4C11-8FD1-956C6CE14919	32.7831	-96.8067
f79a4e4c-7a48-41ab-a252-476151a3daaa	32.99099	-96.754166
f7b5b24c71ff12a8aec838e32fa9c2d8728d43c2	32.792545	-96.826263
f7b72fca-0ac2-40d3-8ec8-ea41e61a62c1	32.892807	-96.8708
f7c1d59d-c822-4f74-863c-69a460c32833	30.20981	-97.754143
f7c8a93f-501d-4140-ab20-5f23b802dcd4	32.922405	-96.83665
f7def6f4-6c89-4c8a-9596-053b7e870319	32.959877	-96.821716
f7f359af-d282-4449-9bdf-8c99ea12c24e	32.528748	-97.339409
f80d3919-3564-4f61-affc-f817b36c4323	32.88834	-96.754463
f86c7c61-fa22-4ce5-aea3-00cf151fffbc	32.974869	-96.750725
f873b324-5926-40c6-93cb-812aed37e177	32.802273	-96.642364
F8890A1F-C8C8-4339-9DC4-92DCFD5F237B	32.783096	-96.8067
f8ba566d-65e4-4e5d-9125-51f3d63e6a2a	32.518352	-93.745407
f8ba6e78-d335-486b-a8ff-138e17fcad27	32.829281	-96.707741
F8BF284C-2228-4DA6-9546-998092313649	33.036613	-96.88126
F8E70ADF-6915-429F-86B9-005D0D7F0B05	26.028513	-97.532944
f8f7fe2b-b7df-4789-bc39-6afe3e78cd60	32.880009	-96.717316
f902979b-fc2b-4202-a981-b26b02e367f7	32.918919	-96.804077
f9069a14-e706-47d3-a3d3-8844be6d8fd3	32.7875	-96.7998
f91184ba-ef3f-4db7-b30a-57eddeb472f9	32.783096	-96.8067
f93cff09-dfa8-4c59-842e-b30a97e01195	32.947128	-97.05883
f948fff4-4dc6-43d5-9c13-ca0e89a4ca0d	32.837708	-96.6985
f94b3cb4-abfc-46b1-b012-4542929be1a0	32.952709	-96.866478
f94ddde8-6a80-4f44-9aef-0fb1c3292c4f	32.940937	-96.854019
f95da6ce63e7c332f7dfeeddd14bee778aa2695c	32.779648	-96.803276
F96156DB-103B-42C8-A2DC-007367678719	32.804005	-96.802521
f965d033-cfa9-4c90-b117-1b03c98c0aae	32.6606	-97.0249
f99c28e0-a91f-45fd-b54e-6d7df1362c70	32.972973	-96.863281
f99f118a-53da-4f59-873c-c12afaf7ef57	30.270269	-97.740646
F99F912C-5375-4AB7-B26A-119483C2C7F9	32.918346	-96.85406
f9acac87-37de-430d-96cd-9847129e4587	32.94465	-96.89406
f9b9d3c6-b0bc-47c9-85df-40f961a36fa5	33.007637	-96.828514
f9be27b3-d446-4deb-903f-ba7a09cb026c	32.783619	-96.797867
F9E306C9-9A10-4C81-9689-F76BDC05A8E3	32.88771	-97.0367
f9e537e4-9af0-42eb-8907-93b8f2adc1b6	32.783096	-96.8067
fa083568-543b-4b9e-a7e7-ab5970cf3611	32.761749	-97.09407
FA175531-FAFD-4489-91CD-A1EB6F8D52E4	29.719166	-95.34116
fa1aecc8-8eaf-4552-9e2b-08122508465d	32.760132	-96.601311
fa249a76-a1b2-4c89-83b3-f2deafcbc8c2	32.841293	-96.778442
fa303c92-3125-42d3-9072-f1228b60fc25	32.783096	-96.8067
FA44B0A2-3EE9-4532-AFC9-412E61F4C50E	32.996456	-96.896004
fa4a9269-e0bd-4ac1-911a-990c905cbd82	32.592697	-96.87789
fa5d54d0-baf2-4369-9087-1dac58b71a65	32.977081	-96.748543
FA62064F-B82D-40A3-B621-0DA3523C1FC3	32.969009	-96.886444
fa7406a3-4805-490f-8193-4a37b5eea8d1	32.707642	-96.829094
fa7616d7-44ad-41f2-854c-5058e2076ca0	28.432432	-81.302239
fa7c39dd-55e1-4807-8d28-2a314242f43b	32.928452	-96.873062
FA8CC517-3328-45D8-8504-01651E3CE3B1	32.783096	-96.8067
FAAF746D-6511-421D-8A18-7A462E3D7A83	33.034103	-96.870499
fabbdfb29a048c68	32.658295	-96.8397
fac3fc8d-ee51-4a89-a45d-9cdc620b4c16	29.581985	-98.4747
fad296f6-671f-4fd1-b681-c1d9a97acc90	32.895912	-96.958725
faf1695a76ded378cfb31d6904b003bf58e18cd6	32.994503	-96.794716
FB17B816-9C5F-4150-8E18-8D543B2F1650	32.944805	-96.888931
fb1d1ca4-20a4-4241-922c-0c3acb51b658	32.862301	-97.001404
fb2c0561-cba4-4fae-b4cb-61bf0fda5bd2	32.738739	-96.672134
fb41e367-e68a-4e2d-97a5-646a3b32e64d	32.707371	-96.791489
fb4db18f-b387-4ef6-a256-557085ce5c4d	32.79578	-96.473305
fb6d1e88-d2c0-4b63-a6b3-46a05df1a46f	32.832619	-96.816673
FB73F996-000A-4326-A0DB-27F486367F9F	32.922611	-96.777794
fb819c73-b586-4665-bac6-23174bb95b94	33.001404	-96.898247
FB861938-4BF8-4332-805C-3E76A1812DDB	29.534685	-95.053612
FB914E8F-9EF5-441A-982E-F79E3AFC9DEA	32.910812	-96.732086
FBA14668-BAD2-4307-9C37-A073DD4FF0C3	32.935806	-96.7853
fba3a8b6-950e-4b02-bab6-138a78f7f55a	33.00901	-96.881355
fbd5d793-26f5-413f-8194-bbabbd045885	32.788235	-96.73571
fbf3dd29-4077-4329-9325-0e0f63171644	33.033745	-96.883896
FC01C08C-4C40-4F80-AF99-BEB831F645DD	32.7813	-96.802
FC15BE22-DDCB-4A70-9705-154088860A66	32.705483	-96.829994
fc30b6a0-c63c-42b2-9492-b1cd9ba49af6	32.957447	-97.042259
FC7526FE-4122-4727-9DEF-9E79E7A7A211	32.604267	-96.82225
fc81e936-4a83-4b76-9d97-1dc23e35c969	32.774777	-96.818413
fca72730-cb72-40f9-b104-87139d820f9a	32.6996	-97.3834
fcbb9157-8c47-4e6e-a918-1ec98bc24c25	32.926022	-96.673553
FCDD9211-B894-4FA6-9F35-E1A974572061	32.83662	-96.780952
fcf8747b-862e-4ae7-8b49-5d38b0f847ba	32.63699	-97.313782
FD01DB1B-8988-47E9-9A62-8BB6FC36E2B6	32.85611	-96.645287
fd4026851152a90530b2f8c5bbf4406b0f8bb857	32.743198	-96.834373
fd689fae57c952e8	32.658295	-96.8397
fd6a27e3-6ceb-428a-8828-347ea07e51ee	32.955483	-96.835892
fd97023664f8c98f	32.935146	-96.755745
FD981F03-C4CA-4BF7-9E06-99F41131F372	30.4494	-91.1871
fd9de6e3-0c2e-4d77-8572-29ad5e090f0e	32.943405	-97.107727
FDB71BA4-76A1-4F82-B1CC-3E9708E7953E	32.965961	-96.897537
fdd0d9dc-0f60-4a9f-8769-0e27eee6be37	32.960297	-96.83
FDD5460D-A7D7-486E-BF7C-9625DCA20CAD	32.987785	-96.836487
fde49aa00f4966a6abc348b5b3b985032eabf411	19.7108	-155.874
fe02b66d-039e-478f-89e2-f873ad09086f	29.747818	-95.391014
FE1BC0F7-6F7E-43A6-9AD4-9890E4B6613D	32.783096	-96.8067
fe2fd333-7fd2-4984-a5ea-85b38b3e2009	32.923687	-96.989555
fe32aa56-4a3a-40f2-b372-8d72b15f2102	32.813995	-96.9489
FE427190-8E8A-4005-A58C-32B9994D3D73	32.929901	-96.835297
fe469f63-b1af-4740-bfbc-83556f5f3c6b	32.926315	-96.685928
FE4887D0-7F41-4B2F-B33D-AD15CA55412F	32.791035	-96.794235
fe4d2d1c-703e-457b-b00e-620819699288	30.276392	-97.743401
FE8D5589-286B-4AD8-A498-8D7ED48B0AF7	32.735703	-97.108101
FE928DD8-8117-4906-B8E9-E4905E719CE8	33.003494	-96.900002
FE97CCC6-843D-43B6-AF81-6662A5D76F7D	25.79361	-80.277588
FE9838F8-58DB-4380-A822-7DE38C8537A2	32.365124	-97.405411
fe99dbb0-4352-4e8f-bf61-9699792e69d8	32.783096	-96.8067
fe9c5598-a26c-43ef-9630-c2b8267b4e46	32.679153	-97.643227
fea51154-3ce9-455c-b76d-eec16b7cf1ae	32.935806	-96.7853
FEAF0719-B4D5-463D-A80E-27C564B7FF6A	32.622543	-96.828964
feaf9b94-b2fe-4b70-9de3-748721878274	32.752857	-96.462997
febad5ae-4110-49bc-993e-f477659176d2	32.713165	-97.053398
FECA4148-16FD-4F2A-A523-8788D653B5AF	32.781273	-96.54084
FEE8868A-AB14-467E-96E3-BF9D6F67FFDC	32.738083	-96.69646
fee88d5a-c48e-4371-ba1e-0e34f54d4356	33.027027	-96.879662
fef835e5-b04e-47fd-a317-2ea2f10192c2	32.783096	-96.8067
ff0c9b66-209b-4d3f-a2d4-970176a93262	30.28237	-97.735969
FF16DE60-C41D-44E0-BAEA-2BEE438DE04A	32.604202	-96.8653
FF2E0857-3541-4B72-B87C-AA354A4DBE22	32.73428	-96.710098
ff4bdfc5-2859-4eb6-9d65-c730430eeab5	32.758415	-97.250763
ff6af359-6cc5-4ec9-9d95-ce820b90e610	32.864101	-96.670784
ff70c2c1-5522-4406-ae78-2f7f43c91097	32.951645	-96.861298
ff844b12-5e0b-4678-acf3-5472a0006731	32.633923	-96.839676
ffb99df892bf19ffd692e3a138d85d9f6e99d2ec	32.135498	-81.209999
ffd0f243-1bc7-43d2-bfdc-59175a14c3b2	32.783096	-96.8067
fff4c890-7984-42bf-982c-63bc8b4886f7	32.961807	-96.8292
